{"type":"FeatureCollection","features":[{"type":"Feature","properties":{"kind":"県境","attribution":"国土数値情報（行政区域データ）国土交通省"},"geometry":{"type":"MultiLineString","coordinates":[[[139.9363,40.4282],[139.952,40.4312],[139.9596,40.4349],[139.9635,40.4328],[139.9641,40.4303],[139.9697,40.4275],[139.9812,40.4274],[139.9852,40.4279],[139.9937,40.4325],[139.995,40.4351],[139.9976,40.4327],[140.0033,40.4318],[140.0068,40.427],[140.0119,40.4258],[140.0144,40.4222],[140.0194,40.4198],[140.0173,40.4269],[140.0221,40.4298],[140.0225,40.4352],[140.0255,40.4368],[140.0261,40.4392],[140.02,40.447],[140.0227,40.4513],[140.03,40.4551],[140.0314,40.4579],[140.0354,40.4588],[140.0362,40.4616],[140.0487,40.4601],[140.0541,40.4643],[140.0524,40.4663],[140.0536,40.4678],[140.0592,40.4672],[140.0681,40.4689],[140.0741,40.4646],[140.0795,40.4667],[140.0835,40.4623],[140.0869,40.4625],[140.0936,40.4589],[140.0995,40.4531],[140.0974,40.4494],[140.0998,40.4456],[140.0992,40.4439],[140.1051,40.4408],[140.1078,40.4358],[140.118,40.435],[140.1371,40.4396],[140.1421,40.4377],[140.1472,40.4381],[140.1524,40.435],[140.1624,40.4394],[140.1681,40.4398],[140.1712,40.4381],[140.1742,40.4403],[140.1855,40.4433],[140.1871,40.44],[140.1938,40.4349],[140.2053,40.4365],[140.2092,40.4386],[140.2202,40.4311],[140.2385,40.4374],[140.2454,40.4381],[140.25,40.443],[140.2534,40.4415],[140.2669,40.4407],[140.2793,40.4461],[140.2885,40.4449],[140.291,40.4466],[140.2989,40.4463],[140.302,40.4428],[140.3076,40.4419],[140.3082,40.4377],[140.3107,40.4363],[140.3176,40.4397],[140.3203,40.4386],[140.3352,40.4394],[140.3407,40.4432],[140.3413,40.4504],[140.3439,40.4524],[140.3431,40.461],[140.3479,40.4625],[140.3478,40.4675],[140.3525,40.4688],[140.3539,40.4723],[140.3599,40.4759],[140.3613,40.4784],[140.3779,40.4765],[140.3813,40.4793],[140.384,40.4854],[140.387,40.4871],[140.394,40.4851],[140.3967,40.4782],[140.4015,40.4775],[140.4022,40.4749],[140.4084,40.475],[140.4175,40.48],[140.4271,40.4826],[140.4354,40.4802],[140.4373,40.4785],[140.4333,40.4721],[140.4334,40.468],[140.4374,40.4644],[140.4367,40.4595],[140.4374,40.4556],[140.4403,40.4525],[140.4398,40.4502],[140.4438,40.4506],[140.4487,40.454],[140.4522,40.4534],[140.4593,40.4564],[140.4644,40.4564],[140.4658,40.454],[140.4807,40.4518],[140.4843,40.4465],[140.4835,40.4431],[140.4812,40.4418],[140.4974,40.4365]],[[140.4981,40.4364],[140.5014,40.4342],[140.5022,40.4317],[140.5084,40.4285],[140.5137,40.4285],[140.5188,40.4308],[140.5299,40.4304],[140.5298,40.4203],[140.5243,40.4197],[140.5251,40.413],[140.5237,40.4103],[140.5322,40.4113],[140.5359,40.4095],[140.5403,40.4028],[140.5479,40.404],[140.5505,40.4009],[140.5586,40.3971],[140.5654,40.398],[140.5694,40.4007],[140.5657,40.4035],[140.5647,40.4081],[140.5564,40.4148],[140.555,40.419],[140.5532,40.42],[140.5548,40.4224],[140.5576,40.4257],[140.562,40.427],[140.564,40.4257],[140.5741,40.4261],[140.5769,40.4294],[140.5875,40.4294],[140.59,40.4334],[140.5897,40.4361],[140.5994,40.4329],[140.6034,40.4303],[140.6041,40.4273],[140.611,40.4239],[140.6258,40.424],[140.6255,40.4215],[140.6331,40.4175],[140.6339,40.411],[140.6364,40.4093],[140.6325,40.404],[140.6341,40.4023],[140.6409,40.4052],[140.6448,40.4031],[140.6598,40.4053],[140.6615,40.4044],[140.6663,40.4095],[140.666,40.4115],[140.6754,40.4121],[140.6786,40.4155],[140.6847,40.4164],[140.6872,40.4183],[140.6884,40.4217],[140.6864,40.4224],[140.6877,40.4272],[140.6917,40.4268],[140.6989,40.4294],[140.7027,40.4271],[140.7091,40.4279],[140.7098,40.4297],[140.7155,40.4279],[140.7176,40.4258],[140.7175,40.4211],[140.7218,40.4194],[140.723,40.4166],[140.7336,40.4158],[140.7356,40.4194],[140.7342,40.4233],[140.7359,40.4279],[140.7312,40.4311],[140.7355,40.434],[140.7327,40.4359],[140.7341,40.4397],[140.7413,40.4379],[140.7521,40.4388],[140.7632,40.4515],[140.7694,40.4539],[140.7733,40.4514],[140.7866,40.4572],[140.7892,40.4568],[140.7932,40.4494],[140.8036,40.4486],[140.8077,40.4578],[140.8085,40.4695],[140.8116,40.4779],[140.8096,40.4809],[140.8107,40.4874],[140.8147,40.4884],[140.8202,40.4955],[140.8272,40.4962],[140.8314,40.5009],[140.8345,40.5013],[140.8355,40.5036],[140.842,40.5035],[140.8419,40.5053],[140.845,40.5074],[140.8487,40.5076],[140.8526,40.5052],[140.879,40.5108],[140.8801,40.5102],[140.8781,40.4984],[140.8613,40.4406],[140.8923,40.4234],[140.8968,40.4252],[140.9067,40.4253],[140.9115,40.4233],[140.92,40.4273],[140.9262,40.4213],[140.933,40.4213],[140.9368,40.4246],[140.9375,40.4276],[140.942,40.4302],[140.9512,40.4263],[140.9628,40.4269],[140.9722,40.4309],[140.9852,40.4272],[140.9855,40.4215],[140.9788,40.416],[140.9827,40.4135],[140.9814,40.4056],[140.9858,40.4032],[140.9854,40.401],[140.9877,40.3972],[140.9844,40.3884],[140.9904,40.3782],[140.9941,40.3765],[140.995,40.3702],[140.9934,40.3674],[140.991,40.367],[140.9924,40.3629],[140.9912,40.3611],[140.9931,40.3608],[140.993,40.3577],[140.9954,40.3534],[140.9928,40.3518],[140.9935,40.3505],[140.9881,40.349],[140.9809,40.3433],[140.9719,40.3437],[140.9722,40.3456],[140.97,40.3466],[140.9684,40.3509],[140.9654,40.3503],[140.9621,40.3471],[140.9682,40.3387],[140.9674,40.3337],[140.9625,40.3282],[140.9626,40.3232],[140.9611,40.3229],[140.9598,40.3255],[140.9573,40.3245],[140.959,40.3192],[140.9571,40.314],[140.9569,40.3047],[140.9534,40.301],[140.9463,40.2991],[140.944,40.2963],[140.9452,40.2948],[140.9446,40.2881],[140.9524,40.2874],[140.9543,40.2848],[140.9568,40.2847],[140.9576,40.282],[140.9543,40.2797],[140.9528,40.2712],[140.9473,40.2645],[140.9457,40.2581],[140.9493,40.253],[140.9543,40.2504],[140.9552,40.2446],[140.9667,40.2385],[140.9674,40.236],[140.9661,40.235],[140.9685,40.2332],[140.9695,40.229],[140.9685,40.2265],[140.976,40.2258],[140.976,40.2234],[140.9791,40.2199],[140.991,40.2228],[140.9963,40.2192],[141.0018,40.2206],[141.0057,40.2179],[141.0101,40.219],[141.0127,40.2177],[141.026,40.2217],[141.0268,40.2266],[141.0416,40.2342],[141.0419,40.2369],[141.0506,40.2365],[141.0599,40.2383],[141.0692,40.2488],[141.0764,40.2526],[141.0835,40.2533],[141.0883,40.2517],[141.0941,40.2548],[141.1041,40.2557],[141.1101,40.2611],[141.0998,40.281],[141.1069,40.2816],[141.1199,40.29],[141.1344,40.2947],[141.1387,40.3006],[141.1451,40.2996],[141.1537,40.3012],[141.1618,40.3061],[141.1685,40.3066],[141.1725,40.3101],[141.1891,40.3071],[141.1974,40.3076],[141.2088,40.3139],[141.2185,40.3152],[141.2186,40.318],[141.2263,40.328],[141.2324,40.3283],[141.2379,40.3341],[141.2438,40.3365],[141.2486,40.3411],[141.2603,40.342],[141.2598,40.3456],[141.2624,40.3495],[141.2671,40.3493],[141.2755,40.3444],[141.2797,40.3448],[141.2925,40.3519],[141.2919,40.3579],[141.2959,40.3607],[141.2937,40.3634],[141.2984,40.3658],[141.3104,40.3668],[141.3159,40.3726],[141.3204,40.3699],[141.3244,40.3699],[141.3251,40.3655],[141.3274,40.3654],[141.3304,40.3617],[141.3339,40.3619],[141.3364,40.3601],[141.3369,40.3514],[141.334,40.3456],[141.3381,40.3425],[141.3479,40.3393],[141.3461,40.3357],[141.3509,40.3347],[141.351,40.3311],[141.3701,40.3385],[141.3733,40.3432],[141.3765,40.3413],[141.3766,40.3389],[141.3816,40.3421],[141.3833,40.347],[141.3898,40.353],[141.3891,40.3592],[141.3928,40.3603],[141.3939,40.3639],[141.3975,40.3673],[141.4015,40.3664],[141.4071,40.3571],[141.4199,40.3637],[141.4228,40.3633],[141.4236,40.3609],[141.4273,40.3618],[141.4272,40.3647],[141.4295,40.3677],[141.4318,40.3681],[141.4339,40.3737],[141.4377,40.3735],[141.4417,40.3761],[141.4543,40.373],[141.4566,40.3747],[141.4627,40.3749],[141.4664,40.3775],[141.48,40.3764],[141.4853,40.372],[141.488,40.3723],[141.4964,40.3674],[141.4968,40.3638],[141.4989,40.3621],[141.5036,40.3638],[141.5075,40.3629],[141.5089,40.3596],[141.5182,40.3518],[141.5266,40.3499],[141.5317,40.3514],[141.5361,40.3486],[141.5357,40.3474],[141.5382,40.3477],[141.5433,40.3514],[141.5455,40.3512],[141.5477,40.3548],[141.556,40.3612],[141.561,40.3607],[141.5719,40.3659],[141.5724,40.3695],[141.5768,40.3707],[141.5814,40.3738],[141.5811,40.3764],[141.5856,40.3783],[141.5868,40.3807],[141.5827,40.3851],[141.5846,40.3895],[141.5811,40.3919],[141.5812,40.3984],[141.5851,40.4011],[141.5869,40.407],[141.5901,40.4071],[141.5979,40.4132],[141.6126,40.4154],[141.6161,40.4202],[141.631,40.4202],[141.6399,40.4231],[141.6471,40.4283],[141.6548,40.4285],[141.6606,40.4317],[141.6611,40.4339],[141.6699,40.4372],[141.6748,40.4435],[141.674,40.4458],[141.676,40.4485],[141.6826,40.4503]],[[140.9551,40.2476],[140.9449,40.2464],[140.9402,40.2405],[140.9423,40.2297],[140.941,40.2269],[140.9253,40.2261],[140.9188,40.2236],[140.909,40.2235],[140.9052,40.2219],[140.9043,40.2181],[140.8958,40.2137],[140.8992,40.2123],[140.8987,40.2081],[140.8895,40.2005],[140.8927,40.1925],[140.8754,40.1796],[140.8671,40.1772],[140.8592,40.1714],[140.8615,40.1659],[140.8688,40.1595],[140.8755,40.1608],[140.881,40.16],[140.8836,40.1573],[140.8823,40.1559],[140.8824,40.1508],[140.8745,40.1431],[140.8746,40.1395],[140.867,40.1324],[140.874,40.1224],[140.8711,40.1161],[140.881,40.1139],[140.8792,40.1111],[140.8794,40.1057],[140.8775,40.1053],[140.877,40.1033],[140.8773,40.098],[140.8719,40.091],[140.8683,40.0898],[140.8633,40.0849],[140.8587,40.0862],[140.8549,40.0852],[140.8542,40.082],[140.8515,40.0811],[140.8515,40.0781],[140.8445,40.0746],[140.8472,40.0652],[140.8511,40.0613],[140.8511,40.0534],[140.8554,40.0467],[140.8556,40.0439],[140.8544,40.0423],[140.8552,40.0371],[140.8504,40.0317],[140.8517,40.0257],[140.8556,40.0222],[140.8531,40.0187],[140.8559,40.0157],[140.849,40.0081],[140.8485,40.0035],[140.8509,39.9996],[140.8508,39.9938],[140.8481,39.9878],[140.8469,39.9762],[140.8453,39.9751],[140.8477,39.9697],[140.8472,39.9667]],[[140.7736,38.9581],[140.7822,38.9582],[140.7939,38.964],[140.8009,38.9619],[140.8111,38.9646],[140.8245,38.9641],[140.8377,38.9575],[140.8411,38.9503],[140.8552,38.9433],[140.8649,38.9413],[140.873,38.935],[140.8758,38.9309],[140.8815,38.9296],[140.8815,38.9279],[140.8854,38.927],[140.8877,38.929],[140.8941,38.9273],[140.9027,38.9293],[140.9106,38.9274],[140.9128,38.925],[140.9129,38.9205],[140.9151,38.9204],[140.9146,38.9168],[140.9201,38.9163],[140.9222,38.9143],[140.9224,38.9183],[140.9247,38.9209],[140.9307,38.9206],[140.932,38.9163],[140.9361,38.9148],[140.9398,38.9162],[140.9437,38.9148],[140.9444,38.9121],[140.9471,38.9101],[140.9494,38.9111],[140.9507,38.9095],[140.9545,38.9098],[140.9579,38.9081],[140.9615,38.9059],[140.9618,38.9023],[140.9661,38.9012],[140.9665,38.8978],[140.9708,38.8949],[140.9726,38.8906],[140.9706,38.888],[140.9802,38.8836],[140.9809,38.8813],[140.9845,38.8799],[140.9825,38.8788],[140.9857,38.8752],[140.9902,38.8744],[140.9963,38.8807],[141.0017,38.8814],[141.0059,38.8787],[141.009,38.8813],[141.0131,38.8809],[141.0207,38.8864],[141.0228,38.8809],[141.0251,38.883],[141.0296,38.8835],[141.0327,38.8804],[141.0325,38.8779],[141.0433,38.8765],[141.0458,38.88],[141.0519,38.8833],[141.0538,38.8817],[141.0615,38.8839],[141.069,38.8813],[141.0713,38.882],[141.0748,38.8795],[141.085,38.8838],[141.0887,38.8835],[141.0933,38.8879],[141.0987,38.8847],[141.1027,38.8848],[141.1024,38.8807],[141.1074,38.8775],[141.114,38.878],[141.1183,38.8807],[141.1298,38.8793],[141.1357,38.8768],[141.1398,38.8775],[141.1436,38.8704],[141.1462,38.869],[141.1468,38.8563],[141.138,38.8475],[141.1326,38.8452],[141.1302,38.84],[141.125,38.8367],[141.1204,38.8351],[141.1131,38.8381],[141.1048,38.8373],[141.1028,38.8306],[141.1037,38.8282],[141.1051,38.8283],[141.104,38.8268],[141.1048,38.8228],[141.1089,38.8252],[141.1164,38.8224],[141.1212,38.8262],[141.1237,38.8255],[141.1261,38.8219],[141.1238,38.8194],[141.1236,38.8165],[141.1284,38.8159],[141.1301,38.8127],[141.1399,38.8143],[141.1421,38.8124],[141.1406,38.7956],[141.1386,38.7908],[141.1462,38.7844],[141.15,38.7856],[141.1599,38.7815],[141.1636,38.782],[141.1684,38.7772],[141.1708,38.779],[141.1731,38.7782],[141.1737,38.781],[141.179,38.7821],[141.181,38.7845],[141.1864,38.7797],[141.1953,38.777],[141.2008,38.7714],[141.2061,38.7695],[141.2084,38.7611],[141.2072,38.757],[141.2158,38.7485],[141.2333,38.7477],[141.2371,38.7491],[141.2369,38.752],[141.229,38.7515],[141.2288,38.7526],[141.2352,38.7561],[141.2414,38.7557],[141.2414,38.7578],[141.2479,38.7584],[141.2477,38.7605],[141.2528,38.7608],[141.2543,38.7595],[141.2576,38.7617],[141.2559,38.7706],[141.2581,38.7762],[141.2633,38.7803],[141.263,38.7873],[141.269,38.7882],[141.2687,38.7928],[141.2725,38.797],[141.2751,38.796],[141.2747,38.7943],[141.2804,38.7925],[141.2846,38.7976],[141.2921,38.7964],[141.2975,38.7934],[141.3042,38.7932],[141.3041,38.7975],[141.3021,38.7988],[141.3036,38.8017],[141.3024,38.8033],[141.3073,38.8087],[141.3066,38.819],[141.309,38.8222],[141.3171,38.8232],[141.3242,38.8155],[141.3321,38.812],[141.3343,38.807],[141.341,38.8064],[141.341,38.8086],[141.3527,38.8125],[141.3591,38.811],[141.3597,38.809],[141.362,38.8082],[141.366,38.8095],[141.3713,38.8075],[141.3792,38.7961],[141.3869,38.8],[141.3896,38.7983],[141.3938,38.7998],[141.3974,38.7953],[141.3975,38.7897],[141.4048,38.7888],[141.4108,38.7856],[141.4149,38.7862],[141.4156,38.7795],[141.4101,38.7732],[141.4099,38.7678],[141.4231,38.7718],[141.4211,38.7779],[141.4225,38.7803],[141.4295,38.781],[141.4306,38.7833],[141.4379,38.7822],[141.4397,38.7861],[141.4359,38.7866],[141.4325,38.7916],[141.4337,38.7979],[141.4368,38.8016],[141.4364,38.8054],[141.4335,38.8076],[141.4314,38.8066],[141.4294,38.8106],[141.4376,38.8129],[141.4464,38.8105],[141.4513,38.8119],[141.4543,38.8109],[141.4587,38.814],[141.4591,38.8152],[141.4545,38.8164],[141.453,38.8186],[141.4547,38.8222],[141.4519,38.8312],[141.4501,38.8326],[141.4498,38.8374],[141.4546,38.8473],[141.4639,38.853],[141.4662,38.8567],[141.4527,38.8626],[141.4541,38.8655],[141.4512,38.8713],[141.451,38.8761],[141.461,38.8836],[141.4654,38.8848],[141.4673,38.8881],[141.4654,38.8912],[141.4662,38.8937],[141.4833,38.9026],[141.4891,38.907],[141.4919,38.9128],[141.4921,38.9148],[141.4894,38.9174],[141.4921,38.9216],[141.4865,38.9301],[141.4856,38.9357],[141.4905,38.9432],[141.4915,38.9489],[141.4901,38.9504],[141.494,38.9553],[141.4901,38.9574],[141.4889,38.9683],[141.4835,38.9782],[141.4855,38.9822],[141.4841,38.9853],[141.4902,38.9978],[141.5068,38.9998],[141.5091,39.0028],[141.5179,39.0017],[141.5166,38.9982],[141.5231,38.9913],[141.5369,38.9954],[141.5571,38.9958],[141.5603,38.9938],[141.5671,38.996],[141.5754,38.9869],[141.5871,38.9887],[141.6018,38.9862],[141.6214,38.9729],[141.6271,38.9706],[141.6317,38.9707]],[[140.7736,38.9581],[140.775,38.9604],[140.7721,38.9638],[140.7721,38.9661],[140.775,38.9704],[140.7702,38.9761],[140.7688,38.9822],[140.7645,38.9856],[140.7639,38.9894],[140.7672,38.9919],[140.7679,38.9947],[140.7647,38.9965],[140.764,39.0002],[140.7683,39.0009],[140.7687,39.0035],[140.7787,39.0081],[140.78,39.0146],[140.7834,39.0163],[140.7857,39.0215],[140.7904,39.0236],[140.7928,39.028],[140.7953,39.0294],[140.7932,39.0328],[140.7961,39.0364],[140.7936,39.0419],[140.7994,39.0444],[140.8008,39.0494],[140.8038,39.0504],[140.8064,39.0548],[140.8103,39.0574],[140.8041,39.0581],[140.7996,39.0607],[140.7999,39.0638],[140.8039,39.0671],[140.804,39.0723],[140.8008,39.074],[140.8024,39.0779],[140.8,39.0765],[140.7941,39.077],[140.7833,39.0791],[140.7821,39.0815],[140.7789,39.0821],[140.7709,39.0788],[140.7666,39.0811],[140.7632,39.0806],[140.759,39.0833],[140.7585,39.0854],[140.7527,39.0862],[140.7532,39.0909],[140.7572,39.0938],[140.7561,39.0973],[140.7632,39.1089],[140.7617,39.1109],[140.7559,39.1122],[140.756,39.1184],[140.7666,39.1202],[140.77,39.1242],[140.7604,39.13],[140.7581,39.1337],[140.7513,39.1331],[140.7489,39.1381],[140.7529,39.1426],[140.7592,39.1437],[140.7597,39.1464],[140.7658,39.1527],[140.7657,39.155],[140.7706,39.1592],[140.7741,39.1679],[140.7786,39.1686],[140.7837,39.1654],[140.7862,39.1668],[140.7885,39.1727],[140.7962,39.1766],[140.7995,39.1751],[140.8039,39.1765],[140.8076,39.1781],[140.8082,39.1804],[140.7974,39.19],[140.7885,39.1886],[140.7808,39.192],[140.7787,39.1948],[140.7711,39.1934],[140.7647,39.198],[140.7676,39.2048],[140.763,39.2131],[140.7665,39.2188],[140.7692,39.2192],[140.7702,39.2234],[140.7771,39.2234],[140.7876,39.2268],[140.786,39.2343],[140.7887,39.2384],[140.7772,39.2416],[140.7689,39.2525],[140.7663,39.2511],[140.7615,39.2548],[140.7572,39.2548],[140.7532,39.2581],[140.7513,39.2628],[140.7437,39.2618],[140.7366,39.2667],[140.7331,39.2664],[140.7278,39.2703],[140.7178,39.2726],[140.7181,39.2768],[140.7167,39.2778],[140.7178,39.2846],[140.7163,39.2897],[140.7186,39.2914],[140.7188,39.2942],[140.7173,39.2965],[140.7108,39.2958],[140.704,39.3019],[140.702,39.2999],[140.6936,39.2996],[140.6932,39.3042],[140.6972,39.3103],[140.6926,39.3136],[140.694,39.3198],[140.6975,39.3218],[140.6986,39.3284],[140.7094,39.3301],[140.7082,39.3345],[140.7062,39.3358],[140.706,39.3389],[140.7035,39.3404],[140.7032,39.3436],[140.6957,39.3454],[140.6927,39.3445],[140.6884,39.3476],[140.6879,39.351],[140.6926,39.3588],[140.6826,39.362],[140.6817,39.3643],[140.6756,39.3683],[140.676,39.3711],[140.6788,39.3734],[140.678,39.3749],[140.68,39.3816],[140.679,39.3832],[140.6751,39.3859],[140.6657,39.3842],[140.6531,39.391],[140.658,39.3998],[140.6637,39.4037],[140.6618,39.4052],[140.6628,39.4081],[140.6591,39.4091],[140.6575,39.4112],[140.6583,39.415],[140.6608,39.4144],[140.6703,39.4177],[140.6751,39.4169],[140.6767,39.4189],[140.6795,39.417],[140.6851,39.4247],[140.684,39.4271],[140.6864,39.4326],[140.6856,39.4373],[140.6778,39.4452],[140.6775,39.4487]],[[140.7736,38.9581],[140.7497,38.9573],[140.7453,38.9564],[140.7416,38.9532]],[[140.8473,39.9652],[140.8488,39.9619],[140.8481,39.9583],[140.854,39.957],[140.8574,39.9529],[140.8558,39.9512],[140.8569,39.9442],[140.8532,39.9417],[140.8522,39.9361],[140.8576,39.9301],[140.8547,39.9233],[140.8649,39.9167],[140.8681,39.9117],[140.867,39.9008],[140.8748,39.8942],[140.8794,39.8845],[140.878,39.8744],[140.8701,39.871],[140.8583,39.8703],[140.8532,39.8657],[140.8433,39.8711],[140.8442,39.8736],[140.838,39.8757],[140.8325,39.8751],[140.8351,39.8793],[140.834,39.8812],[140.8297,39.882],[140.8284,39.885],[140.8258,39.8862],[140.8237,39.8856],[140.8222,39.8827],[140.8168,39.8825],[140.8155,39.8793],[140.8083,39.8792],[140.7992,39.8816],[140.7927,39.875],[140.7862,39.8729],[140.7822,39.8678],[140.7831,39.8606],[140.7877,39.859],[140.7839,39.8563],[140.7891,39.8502],[140.785,39.8423],[140.7862,39.8352],[140.783,39.8312],[140.7834,39.8283],[140.7883,39.8265],[140.7866,39.8234],[140.7944,39.8213],[140.7984,39.819],[140.7992,39.8168],[140.804,39.8151],[140.8113,39.8183],[140.8155,39.8159],[140.8213,39.8154],[140.825,39.8097],[140.8286,39.81],[140.8325,39.8069],[140.8417,39.8049],[140.8472,39.7983],[140.8483,39.7933],[140.84,39.7885],[140.8344,39.7807],[140.8256,39.7743],[140.8221,39.7745],[140.8161,39.7655],[140.8158,39.7625],[140.8053,39.7566],[140.8067,39.7509],[140.8059,39.747],[140.8035,39.7446],[140.7956,39.7405],[140.7883,39.7382],[140.7808,39.738],[140.7748,39.7346],[140.7751,39.7329],[140.7793,39.7325],[140.784,39.7291],[140.7833,39.7257],[140.7885,39.7232],[140.7883,39.7197],[140.7945,39.7096],[140.8056,39.7108],[140.8096,39.7083],[140.8104,39.7054],[140.8089,39.7018],[140.8114,39.6955],[140.8157,39.691],[140.8226,39.6882],[140.8192,39.684],[140.8184,39.6801],[140.8226,39.6691],[140.8202,39.6534],[140.8223,39.65],[140.8153,39.6461],[140.8157,39.6442],[140.8117,39.6367],[140.8071,39.6322],[140.8084,39.6242],[140.8026,39.6188],[140.8049,39.612],[140.8002,39.6065],[140.7945,39.6027],[140.7822,39.604],[140.7788,39.5986],[140.7807,39.5903],[140.7736,39.5908],[140.7701,39.5885],[140.7643,39.5879],[140.7543,39.5707],[140.7471,39.569],[140.7403,39.5653],[140.7296,39.5651],[140.7271,39.5585],[140.7276,39.5557],[140.7292,39.553],[140.7396,39.5468],[140.7395,39.5405],[140.7414,39.5362],[140.7388,39.5326],[140.7378,39.5223],[140.7317,39.5224],[140.7248,39.5187],[140.7232,39.5143],[140.7211,39.5141],[140.7244,39.511],[140.724,39.5044],[140.7199,39.5049],[140.7136,39.499],[140.7132,39.4942],[140.7184,39.4877],[140.719,39.4848],[140.7244,39.4805],[140.7083,39.475],[140.697,39.4666],[140.6896,39.4649],[140.6875,39.4603],[140.6819,39.4572],[140.678,39.449]],[[140.7403,38.9526],[140.7309,38.9485],[140.7265,38.9429],[140.7272,38.9401],[140.7232,38.9375],[140.7224,38.9329],[140.7174,38.9277],[140.7118,38.9269],[140.7116,38.9232],[140.7089,38.9231],[140.7071,38.9203],[140.7034,38.9206],[140.7031,38.9228],[140.7004,38.9238],[140.6947,38.9211],[140.6942,38.9195],[140.6856,38.9176],[140.6802,38.9133],[140.6772,38.9057],[140.673,38.9036],[140.6711,38.8971],[140.6535,38.8917],[140.6541,38.889],[140.645,38.8886],[140.6392,38.8832],[140.6372,38.8832],[140.6355,38.8863],[140.63,38.8893],[140.6209,38.8902],[140.6141,38.894],[140.6096,38.8924],[140.6071,38.8866],[140.5969,38.8852],[140.5903,38.8892],[140.5897,38.8863],[140.5863,38.8841],[140.5855,38.88],[140.5791,38.8811],[140.5726,38.8783],[140.5698,38.8748],[140.5641,38.8746],[140.562,38.873],[140.5577,38.8759],[140.5543,38.8762],[140.5531,38.8828],[140.5466,38.8884],[140.5456,38.8853],[140.5475,38.8807],[140.5432,38.8763],[140.5413,38.8763],[140.5387,38.8711],[140.54,38.8619],[140.5535,38.8588],[140.5567,38.8554],[140.5591,38.8473],[140.5667,38.8479],[140.5759,38.8413],[140.58,38.8414],[140.5849,38.837],[140.5907,38.836],[140.5929,38.8278],[140.5989,38.8253],[140.5994,38.8174],[140.5965,38.8152],[140.5951,38.8111],[140.5977,38.8088],[140.5957,38.8022],[140.5989,38.7997],[140.6001,38.7949],[140.599,38.792],[140.6031,38.7889],[140.6035,38.7837],[140.6127,38.7817],[140.6153,38.7774],[140.6274,38.7739],[140.6373,38.7774],[140.6421,38.7755],[140.6434,38.7718],[140.6465,38.7695],[140.6434,38.7648],[140.635,38.7609],[140.6313,38.7523],[140.6313,38.7471],[140.6204,38.7387],[140.6221,38.7364],[140.6209,38.7315],[140.607,38.7213],[140.6091,38.7088],[140.6066,38.7037],[140.618,38.7],[140.6236,38.6998],[140.6207,38.6963],[140.6235,38.6929],[140.6244,38.6872],[140.6213,38.6849],[140.622,38.6812],[140.6201,38.6805],[140.6195,38.6777],[140.6208,38.6761],[140.6145,38.6696],[140.612,38.6641],[140.6135,38.6618],[140.6094,38.6603],[140.606,38.6554],[140.6044,38.6509],[140.6058,38.6488],[140.602,38.6406],[140.5879,38.6339],[140.5793,38.6359],[140.5759,38.6392],[140.5732,38.6375],[140.5697,38.638],[140.5628,38.6481],[140.5545,38.6471],[140.5465,38.6497],[140.5441,38.6481],[140.5373,38.6346],[140.5424,38.6295],[140.5431,38.6242],[140.5499,38.6199],[140.5488,38.6186],[140.5522,38.6133],[140.5583,38.6111],[140.5624,38.6069],[140.5622,38.6047],[140.5583,38.6026],[140.5584,38.5976],[140.5698,38.594],[140.5678,38.5904],[140.5721,38.5865],[140.571,38.5803],[140.5756,38.5746],[140.575,38.5723],[140.5785,38.5701],[140.5785,38.5679],[140.5664,38.5604],[140.5699,38.5552],[140.5663,38.5517],[140.5646,38.5457],[140.56,38.5422],[140.5561,38.5428],[140.5541,38.5408],[140.5559,38.5298],[140.5582,38.5299],[140.5625,38.5267],[140.5683,38.5278],[140.572,38.5256],[140.5684,38.5225],[140.5677,38.5196],[140.5705,38.5176],[140.5703,38.5153],[140.5635,38.5108],[140.5692,38.506],[140.5674,38.5013],[140.5734,38.4972],[140.5738,38.4948],[140.5786,38.4944],[140.5834,38.4911],[140.5975,38.4875],[140.5997,38.4841],[140.6042,38.4823],[140.6029,38.4776],[140.608,38.4698],[140.6063,38.4632],[140.6082,38.4584],[140.6167,38.457],[140.62,38.4548],[140.6134,38.4536],[140.6084,38.4447],[140.6039,38.4437],[140.5978,38.4365],[140.5925,38.4417],[140.5898,38.4392],[140.5858,38.4406],[140.5803,38.4372],[140.5817,38.4333],[140.5794,38.4232],[140.5774,38.4192],[140.5713,38.4134],[140.5713,38.4106],[140.5738,38.4076],[140.5745,38.3967],[140.5782,38.3928],[140.5675,38.3853],[140.5636,38.3773],[140.5561,38.3776],[140.5522,38.3762],[140.5457,38.3642],[140.541,38.3621],[140.5337,38.3621],[140.5263,38.3575],[140.5226,38.353],[140.5216,38.3473],[140.5238,38.3427],[140.5251,38.3327],[140.5307,38.3252],[140.5286,38.3226],[140.5297,38.3207],[140.5234,38.3163],[140.5203,38.3095],[140.5043,38.3143],[140.5044,38.3085],[140.502,38.3048],[140.4962,38.304],[140.4923,38.3017],[140.4921,38.293],[140.4969,38.2831],[140.492,38.2801],[140.4906,38.2764],[140.4879,38.2745],[140.473,38.2718],[140.4712,38.2694],[140.4728,38.2608],[140.4704,38.2595],[140.4695,38.2564],[140.4725,38.2522],[140.4696,38.2476],[140.4692,38.2429],[140.4711,38.2348],[140.4671,38.2327],[140.4693,38.2283],[140.4743,38.2245],[140.471,38.2135],[140.4733,38.2099],[140.4726,38.2053],[140.4784,38.1983],[140.479,38.1943],[140.4776,38.1918],[140.4802,38.1821],[140.4696,38.1706],[140.4693,38.1635],[140.467,38.1608],[140.4677,38.157],[140.4529,38.1517],[140.444,38.1413],[140.4424,38.1368],[140.4457,38.1299],[140.431,38.1269],[140.425,38.1217],[140.4238,38.1189],[140.4256,38.1149],[140.4175,38.1035],[140.4196,38.0904],[140.4213,38.0885],[140.4177,38.0803],[140.4043,38.0739],[140.4028,38.0703],[140.3966,38.0694],[140.383,38.0715],[140.3802,38.0697],[140.382,38.0635],[140.3737,38.057],[140.3645,38.0563],[140.3556,38.0585],[140.3515,38.057],[140.35,38.054],[140.3436,38.0534],[140.3347,38.0562],[140.3199,38.0554],[140.315,38.0584],[140.3121,38.057],[140.3084,38.0577],[140.3025,38.0536],[140.2966,38.0572],[140.2921,38.0558],[140.2892,38.0593],[140.2806,38.0588],[140.2771,38.0562],[140.2834,38.0498],[140.282,38.0491],[140.2819,38.0441],[140.2792,38.0435],[140.276,38.0363],[140.277,38.0328],[140.2757,38.0309],[140.2762,38.0286],[140.2814,38.0257],[140.2833,38.0157],[140.2869,38.0085],[140.2896,38.0072],[140.2827,38.0015],[140.2764,37.9934],[140.2749,37.982],[140.2841,37.9731],[140.2901,37.9723],[140.2915,37.9704],[140.3023,37.9691],[140.3085,37.9636],[140.3142,37.9644],[140.3165,37.9581],[140.3273,37.9588],[140.3333,37.9517],[140.3362,37.9551],[140.3422,37.9516],[140.3486,37.9502],[140.3558,37.9521],[140.3535,37.9546],[140.3551,37.9579],[140.3589,37.959],[140.3642,37.9587],[140.3848,37.9523],[140.3856,37.9649],[140.3886,37.9693],[140.3983,37.9744],[140.4075,37.9737],[140.4092,37.9637],[140.4138,37.9636],[140.4207,37.9605],[140.4291,37.9544],[140.4382,37.954],[140.4447,37.957],[140.4478,37.9511],[140.4563,37.9504],[140.4616,37.9526],[140.466,37.9491],[140.4749,37.9468],[140.4674,37.9382],[140.4687,37.9364],[140.4679,37.9317],[140.4695,37.9294],[140.4683,37.924],[140.4695,37.9179],[140.4762,37.9073],[140.4829,37.9037],[140.4831,37.9017],[140.4886,37.8995],[140.4985,37.9004],[140.5034,37.9056],[140.5155,37.9034],[140.517,37.9073],[140.5218,37.9088],[140.5318,37.9052],[140.5333,37.9067],[140.5499,37.91],[140.5589,37.9099],[140.5638,37.9123],[140.5624,37.914],[140.5644,37.9154],[140.5626,37.9181],[140.5664,37.9228],[140.5697,37.921],[140.5699,37.9188],[140.574,37.9177],[140.5753,37.9145],[140.5843,37.9089],[140.5869,37.91],[140.5913,37.9062],[140.5966,37.9063],[140.6007,37.9105],[140.6103,37.9111],[140.61,37.9134],[140.6118,37.9153],[140.6157,37.9148],[140.6207,37.9089],[140.6234,37.901],[140.6273,37.8991],[140.6447,37.8954],[140.6473,37.8988],[140.6605,37.9009],[140.6673,37.8949],[140.6888,37.889],[140.691,37.8838],[140.683,37.8796],[140.6819,37.8758],[140.6875,37.8714],[140.6858,37.8679],[140.6913,37.8616],[140.6929,37.8573],[140.6908,37.8528],[140.692,37.8509],[140.6856,37.8469],[140.6869,37.842],[140.6792,37.8364],[140.6844,37.8305],[140.6836,37.8283],[140.6865,37.8202],[140.6855,37.8153],[140.6898,37.8132],[140.6919,37.8075],[140.6953,37.8047],[140.6946,37.8031],[140.7028,37.8032],[140.7098,37.8014],[140.719,37.7936],[140.7229,37.7926],[140.727,37.7815],[140.7385,37.7874],[140.7452,37.7885],[140.7492,37.7852],[140.7592,37.7854],[140.775,37.7819],[140.7916,37.7734],[140.7978,37.7747],[140.8,37.7784],[140.8032,37.7799],[140.7949,37.7809],[140.7871,37.789],[140.7835,37.7895],[140.7828,37.7916],[140.7792,37.791],[140.7788,37.7935],[140.7743,37.7941],[140.7725,37.7974],[140.7647,37.7964],[140.7653,37.7985],[140.7731,37.8012],[140.7751,37.8064],[140.7832,37.8045],[140.7922,37.8001],[140.806,37.798],[140.8102,37.7955],[140.8218,37.7989],[140.8307,37.7947],[140.8413,37.7961],[140.8521,37.7954],[140.858,37.803],[140.8537,37.8072],[140.8539,37.8117],[140.8583,37.8147],[140.8536,37.8212],[140.856,37.8288],[140.8523,37.8297],[140.8551,37.8338],[140.8534,37.8353],[140.8543,37.8418],[140.8505,37.8493],[140.8588,37.8564],[140.8616,37.8628],[140.8607,37.8673],[140.8546,37.8744],[140.8611,37.8794],[140.8565,37.8826],[140.8568,37.8867],[140.8599,37.8887],[140.8563,37.8909],[140.8643,37.893],[140.87,37.8964],[140.88,37.8975],[140.8907,37.9024],[140.8962,37.9024],[140.9,37.9043],[140.8996,37.9],[140.9024,37.8976]],[[140.5471,38.8892],[140.5475,38.8911],[140.5423,38.8947],[140.538,38.9004],[140.5341,38.9005],[140.526,38.8975],[140.525,38.8995],[140.5158,38.9004],[140.5052,38.8949],[140.5,38.8949],[140.4943,38.899],[140.4923,38.9022],[140.4923,38.9065],[140.4842,38.9122],[140.4824,38.9165],[140.4795,38.9146],[140.4742,38.916],[140.4716,38.9149],[140.4621,38.9194],[140.4622,38.9249],[140.4588,38.9294],[140.4584,38.9338],[140.4515,38.9377],[140.4514,38.9441],[140.4496,38.9456],[140.4537,38.9521],[140.4537,38.9588],[140.4498,38.9633],[140.4511,38.9721],[140.4463,38.9732],[140.4463,38.9796],[140.4379,38.9819],[140.4365,38.9864],[140.4324,38.9894],[140.4319,38.9919],[140.4209,38.9924],[140.4133,38.99],[140.4106,38.9941],[140.406,38.9918],[140.3947,38.9912],[140.387,38.9944],[140.3762,38.9945],[140.3708,39.0041],[140.367,39.0054],[140.364,39.0095],[140.3628,39.0176],[140.3607,39.0199],[140.3622,39.026],[140.3542,39.0238],[140.3443,39.0258],[140.3375,39.0298],[140.3318,39.0307],[140.3291,39.0348],[140.3188,39.0313],[140.3174,39.0281],[140.3187,39.025],[140.3107,39.0136],[140.3035,39.0152],[140.3003,39.018],[140.2939,39.0182],[140.2921,39.0239],[140.2866,39.0281],[140.2709,39.0325],[140.2662,39.0313],[140.2606,39.0352],[140.2506,39.0276],[140.2453,39.0309],[140.2362,39.0274],[140.2267,39.0272],[140.2175,39.0331],[140.2135,39.0325],[140.2008,39.0354],[140.2036,39.0393],[140.2017,39.0472],[140.2048,39.0535],[140.2018,39.0562],[140.2015,39.0593],[140.1981,39.0613],[140.1938,39.0603],[140.1886,39.0615],[140.1879,39.0586],[140.175,39.0574],[140.1712,39.051],[140.1625,39.0543],[140.1575,39.0491],[140.1521,39.0483],[140.1436,39.0596],[140.1439,39.0613],[140.1384,39.0639],[140.1378,39.0656],[140.1332,39.0632],[140.1276,39.0631],[140.1201,39.068],[140.1169,39.0682],[140.1145,39.0784],[140.0962,39.0849],[140.0761,39.0861],[140.0627,39.0925],[140.0672,39.0993],[140.0616,39.1111],[140.0624,39.1335],[140.0078,39.123],[139.9976,39.1158],[139.9944,39.1055],[139.9481,39.1172],[139.9457,39.1128],[139.906,39.1188],[139.8696,39.1183]],[[140.28,37.9766],[140.276,37.9744],[140.2713,37.967],[140.2725,37.9579],[140.2761,37.9568],[140.2762,37.9541],[140.2781,37.9526],[140.2753,37.9472],[140.281,37.9413],[140.2781,37.9393],[140.2793,37.9336],[140.2783,37.9299],[140.2759,37.9283],[140.2767,37.9266],[140.2721,37.9199],[140.2666,37.9171],[140.2663,37.9132],[140.2645,37.9119],[140.2661,37.8996],[140.2707,37.8909],[140.2664,37.889],[140.2673,37.8865],[140.2647,37.8858],[140.2658,37.8833],[140.2649,37.8795],[140.27,37.8744],[140.2686,37.8713],[140.27,37.8665],[140.2655,37.8624],[140.2655,37.8591],[140.2674,37.8575],[140.2653,37.8548],[140.2673,37.8476],[140.2662,37.8446],[140.2627,37.842],[140.2622,37.8403],[140.2652,37.8388],[140.2629,37.8373],[140.2621,37.8344],[140.269,37.8238],[140.2755,37.8207],[140.2785,37.821],[140.2874,37.8138],[140.2916,37.8148],[140.2936,37.8133],[140.2938,37.8109],[140.2959,37.811],[140.2988,37.8078],[140.2922,37.8041],[140.2903,37.8012],[140.2863,37.8008],[140.2822,37.7982],[140.2825,37.7923],[140.2769,37.7877],[140.2783,37.7848],[140.2765,37.782],[140.266,37.7791],[140.2626,37.7752],[140.263,37.773],[140.2554,37.7682],[140.255,37.7646],[140.2444,37.7584],[140.2404,37.7535],[140.239,37.7482],[140.2357,37.7459],[140.2197,37.7458],[140.2155,37.7482],[140.2074,37.749],[140.2048,37.7475],[140.1998,37.7528],[140.1664,37.7573],[140.154,37.7534],[140.146,37.7527],[140.1402,37.7405],[140.1407,37.7381],[140.1336,37.7385],[140.1276,37.7339],[140.1158,37.7343],[140.1067,37.7383],[140.1021,37.7377],[140.0963,37.744],[140.0953,37.7484],[140.0909,37.7517],[140.0868,37.758],[140.0805,37.7561],[140.0691,37.7578],[140.065,37.7676],[140.0589,37.7712],[140.0535,37.7708],[140.0545,37.775],[140.0513,37.7794],[140.0482,37.7789],[140.0444,37.7727],[140.0356,37.7673],[140.0315,37.7689],[140.0217,37.7652],[140.0195,37.762],[140.0129,37.7618],[140.0101,37.764],[140.002,37.7594],[139.9985,37.7614],[139.9926,37.7587],[139.9861,37.7606],[139.9834,37.7642],[139.978,37.7662],[139.979,37.7735],[139.9734,37.7757],[139.9673,37.7837],[139.9688,37.7885],[139.9601,37.7956],[139.9593,37.7978],[139.9621,37.8059],[139.9579,37.8149],[139.95,37.8163],[139.9409,37.8217],[139.9373,37.8282],[139.9323,37.8294],[139.9278,37.8274],[139.9277,37.826],[139.9302,37.8255],[139.9301,37.8224],[139.9276,37.8215],[139.9281,37.8195],[139.9249,37.8135],[139.9117,37.8138],[139.9073,37.8154],[139.9026,37.8138],[139.8986,37.8102],[139.8891,37.8111],[139.8867,37.8092],[139.8824,37.8109],[139.8794,37.8103],[139.8762,37.8132],[139.8766,37.8172],[139.8726,37.8168],[139.8664,37.8231],[139.8576,37.8265],[139.8379,37.8145],[139.8324,37.8154],[139.8266,37.8119],[139.8252,37.8132],[139.8216,37.812],[139.8133,37.804],[139.81,37.8032],[139.8042,37.8054],[139.8034,37.8152],[139.7947,37.8178],[139.7933,37.8208],[139.7889,37.8231],[139.7882,37.8267],[139.783,37.832],[139.763,37.8267],[139.7554,37.8221],[139.7412,37.8203],[139.7362,37.8281],[139.7325,37.8309],[139.7296,37.831],[139.7275,37.8353],[139.7207,37.8399],[139.7188,37.8451],[139.716,37.847],[139.7156,37.8542],[139.7064,37.856],[139.6973,37.8487],[139.6805,37.847],[139.6783,37.8499],[139.6788,37.8517],[139.6571,37.8635],[139.6569,37.8716],[139.652,37.8733],[139.6486,37.8771],[139.6386,37.8799],[139.6378,37.8842],[139.6323,37.8887],[139.6293,37.8937],[139.6318,37.9009],[139.6264,37.9088],[139.6286,37.9125],[139.6248,37.9182],[139.6272,37.9248],[139.6302,37.9259],[139.6317,37.9302],[139.6394,37.9347],[139.6404,37.94],[139.6394,37.9412],[139.643,37.9467],[139.6401,37.9525],[139.642,37.955],[139.6423,37.9593],[139.6453,37.9625],[139.6431,37.9671],[139.6401,37.9676],[139.638,37.9702],[139.6443,37.9798],[139.6393,37.9855],[139.645,37.9919],[139.6437,37.9953],[139.6545,37.997],[139.6553,38.0008],[139.6526,38.003],[139.6544,38.0147],[139.6523,38.0215],[139.6533,38.025],[139.6568,38.0285],[139.6548,38.0354],[139.6624,38.04],[139.6743,38.0405],[139.6798,38.043],[139.6819,38.0493],[139.6904,38.0524],[139.6909,38.0557],[139.6927,38.057],[139.6862,38.0647],[139.692,38.0707],[139.6918,38.0751],[139.6878,38.0748],[139.6865,38.0769],[139.6818,38.0754],[139.6713,38.0769],[139.674,38.0806],[139.6726,38.0823],[139.6725,38.0891],[139.6827,38.1081],[139.6917,38.1126],[139.6939,38.1158],[139.6907,38.1186],[139.6884,38.1343],[139.6923,38.1487],[139.6906,38.15],[139.6906,38.1552],[139.6847,38.1593],[139.6855,38.1665],[139.6822,38.1714],[139.6876,38.1782],[139.6876,38.1822],[139.6926,38.1826],[139.6936,38.1847],[139.6962,38.1853],[139.6959,38.1889],[139.6985,38.1914],[139.6984,38.1951],[139.7026,38.1992],[139.6986,38.2029],[139.7089,38.2043],[139.7129,38.2066],[139.7184,38.2045],[139.7216,38.2059],[139.7244,38.203],[139.7306,38.2009],[139.7387,38.2021],[139.7467,38.1965],[139.7549,38.1931],[139.7587,38.1933],[139.764,38.199],[139.7698,38.1972],[139.7761,38.1982],[139.7814,38.1934],[139.7864,38.1922],[139.7865,38.1943],[139.7905,38.198],[139.8006,38.2026],[139.8023,38.2066],[139.8069,38.207],[139.811,38.2115],[139.8193,38.2128],[139.8202,38.2146],[139.8364,38.2212],[139.8385,38.2235],[139.847,38.2246],[139.8602,38.2311],[139.8639,38.2349],[139.8643,38.2403],[139.8686,38.248],[139.8757,38.2521],[139.8764,38.2616],[139.8842,38.265],[139.8883,38.2692],[139.8999,38.2758],[139.898,38.278],[139.8998,38.2873],[139.8989,38.2932],[139.8885,38.301],[139.8793,38.3034],[139.875,38.3167],[139.8669,38.3216],[139.8653,38.3258],[139.862,38.3286],[139.8475,38.3368],[139.8489,38.3428],[139.8277,38.3447],[139.826,38.3505],[139.82,38.3519],[139.8166,38.356],[139.8036,38.3551],[139.7988,38.3518],[139.7896,38.3487],[139.7887,38.3511],[139.7854,38.3528],[139.775,38.354],[139.7706,38.3529],[139.7616,38.3611],[139.7501,38.3594],[139.7438,38.3646],[139.7405,38.3651],[139.7346,38.3713],[139.7321,38.3718],[139.7288,38.377],[139.7311,38.3814],[139.7255,38.3887],[139.7258,38.3916],[139.7224,38.394],[139.7123,38.3869],[139.7096,38.387],[139.7047,38.3937],[139.7034,38.4002],[139.7055,38.4072],[139.712,38.4125],[139.715,38.4199],[139.7172,38.4213],[139.7186,38.4286],[139.7164,38.434],[139.7185,38.4382],[139.7177,38.4472],[139.7201,38.4507],[139.7151,38.4594],[139.7152,38.4638],[139.7191,38.4662],[139.7134,38.4696],[139.7114,38.4768],[139.7125,38.4795],[139.716,38.479],[139.7198,38.4824]],[[140.931,37.8962],[140.9242,37.8951],[140.9238,37.8921],[140.9202,37.892],[140.9196,37.8946],[140.9147,37.8981],[140.9122,37.8966],[140.9026,37.8977]],[[139.7206,38.4826],[139.7258,38.4868],[139.7247,38.4902],[139.7207,38.4924],[139.7218,38.4962],[139.7173,38.4982],[139.7024,38.4992],[139.7003,38.5034],[139.6959,38.5039],[139.6932,38.5068],[139.6805,38.505],[139.6665,38.5066],[139.6637,38.5085],[139.6531,38.507],[139.6474,38.5106],[139.6378,38.5114],[139.636,38.5131],[139.6369,38.5157],[139.6324,38.5187],[139.6313,38.522],[139.6232,38.5233],[139.6212,38.5256],[139.6139,38.5263],[139.6114,38.524],[139.6081,38.525],[139.6,38.522],[139.5879,38.5318],[139.5815,38.5331],[139.5809,38.536],[139.5773,38.5396],[139.571,38.5385],[139.5643,38.5435],[139.5606,38.5429],[139.5594,38.5451],[139.5566,38.5452],[139.5565,38.5483],[139.5523,38.5477],[139.5513,38.552],[139.5494,38.5536],[139.5478,38.5529]],[[139.6808,37.847],[139.698,37.8477],[139.7088,37.8539],[139.7137,37.8534],[139.7154,37.8516],[139.7157,37.8469],[139.7186,37.8449],[139.7201,37.8402],[139.7272,37.8349],[139.7299,37.8304],[139.7324,37.8306],[139.736,37.8279],[139.7415,37.8177],[139.7216,37.8094],[139.7135,37.799],[139.7052,37.7961],[139.6966,37.7851],[139.6804,37.7755],[139.6777,37.7701],[139.6687,37.7633],[139.6667,37.757],[139.6579,37.755],[139.6589,37.745],[139.6576,37.7412],[139.6522,37.7378],[139.6496,37.7291],[139.6429,37.7276],[139.6383,37.7212],[139.6318,37.7199],[139.6328,37.7164],[139.6241,37.7103],[139.6235,37.7025],[139.6215,37.7001],[139.6259,37.693],[139.6282,37.6924],[139.6279,37.6898]],[[140.7934,36.8592],[140.7897,36.8565],[140.7862,36.8562],[140.7864,36.8621],[140.7819,36.8633],[140.7778,36.8673],[140.7735,36.8663],[140.7721,36.8686],[140.7721,36.8651],[140.7671,36.8677],[140.7718,36.8642],[140.7707,36.8626],[140.7662,36.8617],[140.7649,36.8625],[140.7672,36.8623],[140.7673,36.8651],[140.7656,36.8674],[140.7653,36.8632],[140.7634,36.8637],[140.7644,36.8669],[140.7633,36.8644],[140.7597,36.8669],[140.7605,36.8702],[140.762,36.8703],[140.7601,36.8724],[140.7579,36.8724],[140.76,36.871],[140.7583,36.8673],[140.7551,36.8698],[140.7459,36.8712],[140.7408,36.8756],[140.7343,36.8716],[140.7295,36.8744],[140.7244,36.8742],[140.7233,36.871],[140.7141,36.8728],[140.7098,36.8772],[140.7055,36.8784],[140.7062,36.8814],[140.6991,36.8835],[140.6951,36.8888],[140.6924,36.8875],[140.689,36.8882],[140.6801,36.8934],[140.6734,36.8932],[140.6643,36.8966],[140.6559,36.8972],[140.655,36.901],[140.6511,36.8997],[140.6469,36.901],[140.6462,36.8993],[140.6361,36.8976],[140.6306,36.9],[140.628,36.9029],[140.6258,36.9019],[140.6155,36.9033],[140.6144,36.9085],[140.6071,36.9129],[140.603,36.9199],[140.6008,36.9208],[140.6013,36.9227],[140.5927,36.9267],[140.5945,36.9324],[140.5925,36.9361],[140.5945,36.9381],[140.5896,36.9392],[140.586,36.9453],[140.5822,36.9427],[140.5758,36.9427],[140.5745,36.9417],[140.5749,36.939],[140.5723,36.9397],[140.5674,36.9367],[140.5682,36.9333],[140.5706,36.9313],[140.565,36.9127],[140.5685,36.914],[140.5704,36.9116],[140.5718,36.9125],[140.5763,36.9066],[140.5808,36.9044],[140.5799,36.8934],[140.5824,36.8932],[140.5858,36.8864],[140.5899,36.8846],[140.5932,36.8802],[140.5922,36.8733],[140.5886,36.8748],[140.5805,36.8669],[140.5753,36.8691],[140.5723,36.8641],[140.5655,36.864],[140.5651,36.8622],[140.5605,36.8635],[140.5569,36.8601],[140.5543,36.8615],[140.5471,36.8583],[140.538,36.8589],[140.5377,36.8554],[140.5351,36.8521],[140.5279,36.8484],[140.5291,36.8422]],[[139.3933,36.9108],[139.3967,36.9143],[139.3991,36.9201],[139.408,36.9266],[139.412,36.9277],[139.4202,36.9241],[139.4272,36.9242],[139.4304,36.9259],[139.4299,36.9293],[139.435,36.9359],[139.4344,36.9419],[139.4409,36.9448],[139.4418,36.9476],[139.4461,36.9477],[139.4571,36.9542],[139.4591,36.9593],[139.4584,36.9658],[139.4615,36.9709],[139.473,36.9714],[139.4843,36.9755],[139.4943,36.9679],[139.504,36.9696],[139.5141,36.9773],[139.5213,36.9793],[139.5236,36.9815],[139.5268,36.9802],[139.5327,36.9818],[139.5353,36.9806],[139.5476,36.9935],[139.5545,36.9925],[139.5569,36.9969],[139.5647,36.9969],[139.5719,37.0016],[139.5769,37.0024],[139.5796,37.005],[139.5821,37.0151],[139.5878,37.0155],[139.5958,37.0117],[139.5987,37.012],[139.6027,37.016],[139.6112,37.0137],[139.6166,37.0151],[139.6193,37.0166],[139.6186,37.0196],[139.6255,37.026],[139.6231,37.0292],[139.6257,37.0333],[139.6388,37.0321],[139.6436,37.036],[139.6522,37.0376],[139.6558,37.042],[139.6647,37.0398],[139.6688,37.0436],[139.6685,37.0464],[139.6713,37.0483],[139.673,37.0577],[139.6767,37.0567],[139.6922,37.0626],[139.7004,37.0593],[139.7057,37.064],[139.708,37.0641],[139.7111,37.0685],[139.718,37.0683],[139.7194,37.071],[139.721,37.0697],[139.733,37.0687],[139.7375,37.0727],[139.7521,37.0703],[139.7549,37.0743],[139.763,37.0757],[139.7649,37.0798],[139.7708,37.0836],[139.7749,37.0919],[139.7779,37.0888],[139.7881,37.0907],[139.8095,37.0848],[139.8111,37.086],[139.8221,37.0851],[139.8198,37.0876],[139.82,37.0931],[139.8182,37.0969],[139.8213,37.1084],[139.8161,37.1112],[139.815,37.1165],[139.8187,37.1189],[139.819,37.1218],[139.8283,37.1266],[139.8281,37.129],[139.8319,37.1337],[139.8391,37.1332],[139.8399,37.1356],[139.8477,37.1395],[139.8516,37.1372],[139.8573,37.1381],[139.8665,37.1473],[139.8776,37.1461],[139.8946,37.1533],[139.9024,37.1543],[139.9076,37.1489],[139.9163,37.1476],[139.9244,37.1519],[139.9287,37.151],[139.9341,37.1538],[139.944,37.1526],[139.9458,37.1541],[139.9539,37.1551],[139.9613,37.1533],[139.9627,37.1486],[139.9792,37.1469],[139.9903,37.1427],[139.9956,37.1439],[140.0172,37.1396],[140.0234,37.1433],[140.0284,37.1396],[140.0386,37.1395],[140.0462,37.1364],[140.0493,37.1314],[140.0594,37.1255],[140.0655,37.1275],[140.0891,37.1215],[140.0935,37.1242],[140.0977,37.1243],[140.1052,37.1208],[140.1091,37.1164],[140.1181,37.1119],[140.1191,37.11],[140.1258,37.1079],[140.1281,37.1041],[140.1345,37.1035],[140.137,37.1065],[140.1401,37.1047],[140.1506,37.0946],[140.1493,37.0926],[140.1563,37.0913],[140.1573,37.0889],[140.1529,37.0862],[140.1572,37.0814],[140.1659,37.0785],[140.1729,37.0702],[140.1747,37.0717],[140.1778,37.069],[140.1845,37.0693],[140.1936,37.0649],[140.1946,37.0602],[140.1907,37.0567],[140.1999,37.0475],[140.1985,37.0382],[140.1956,37.0363],[140.1995,37.0326],[140.1993,37.0283],[140.203,37.024],[140.2091,37.0229],[140.2121,37.0198],[140.2177,37.0208],[140.2181,37.019],[140.2201,37.0185],[140.2247,37.0238],[140.2405,37.0236],[140.2495,37.0256],[140.2503,37.022],[140.2489,37.0185],[140.252,37.0101],[140.2508,37.0091],[140.2449,37.0102],[140.246,37.0052],[140.2437,37.0015],[140.2402,37.0003],[140.2408,36.9965],[140.2445,36.994],[140.244,36.9913],[140.2502,36.9888],[140.251,36.9834],[140.2442,36.979],[140.2437,36.9735],[140.2523,36.9667],[140.2531,36.963],[140.2445,36.9571],[140.2412,36.9521],[140.2408,36.9457],[140.2471,36.9417],[140.2535,36.9412],[140.2553,36.9384],[140.2617,36.9375],[140.2642,36.9333],[140.273,36.9302],[140.2848,36.9355],[140.2888,36.9332],[140.2927,36.9332],[140.297,36.9289],[140.2986,36.9295],[140.303,36.9269],[140.3076,36.9193],[140.3174,36.9132],[140.3185,36.9103],[140.3219,36.9078],[140.3239,36.8935],[140.3265,36.8913],[140.3464,36.885],[140.35,36.8865],[140.3552,36.8844],[140.3579,36.8852]],[[139.3933,36.9108],[139.3833,36.9114],[139.3814,36.914],[139.3731,36.9184],[139.3568,36.9168],[139.3494,36.913],[139.35,36.9184],[139.3425,36.9275],[139.3388,36.9277],[139.3328,36.9245],[139.3128,36.9269],[139.3045,36.9258],[139.2944,36.9347],[139.2865,36.9343],[139.2817,36.9311],[139.2778,36.9338],[139.2751,36.9336],[139.2661,36.9412],[139.2547,36.9323],[139.241,36.9293],[139.2389,36.9342],[139.2347,36.9344],[139.235,36.9374],[139.2315,36.9379],[139.2311,36.9367],[139.2299,36.9381]],[[139.3933,36.9108],[139.3956,36.9069],[139.3942,36.9034],[139.3794,36.898],[139.3706,36.8896],[139.3721,36.8833],[139.3686,36.8799],[139.3702,36.8782],[139.3625,36.8776],[139.361,36.8742],[139.3579,36.878],[139.3561,36.8778],[139.3582,36.8718],[139.3577,36.8655],[139.3551,36.8619],[139.3557,36.8585],[139.3485,36.8527],[139.3533,36.8488],[139.3639,36.8473],[139.3664,36.8412],[139.3744,36.838],[139.377,36.8388],[139.3911,36.8326],[139.3926,36.8344],[139.3982,36.8345],[139.405,36.8311],[139.4067,36.8269],[139.4017,36.8217],[139.3938,36.8179],[139.391,36.8143],[139.3937,36.8097],[139.3885,36.8052],[139.3835,36.8058],[139.3776,36.8043],[139.3783,36.8031],[139.3756,36.8003],[139.3759,36.7973],[139.3779,36.796],[139.378,36.7919],[139.3756,36.791],[139.3768,36.7878],[139.3748,36.7846],[139.3699,36.7829],[139.3676,36.7838],[139.3623,36.7808],[139.3597,36.775],[139.3532,36.7739],[139.3545,36.7693],[139.3508,36.7634],[139.3553,36.7602],[139.3545,36.7533],[139.3559,36.7506],[139.3625,36.7478],[139.3725,36.7463],[139.3681,36.7418],[139.3675,36.7345],[139.3648,36.7306],[139.3669,36.7246],[139.3649,36.7231],[139.3649,36.7197],[139.3597,36.7167],[139.3611,36.7135],[139.3586,36.7132],[139.3554,36.7099],[139.3563,36.7071],[139.3486,36.6997],[139.3369,36.6924],[139.3393,36.6852],[139.3367,36.6822],[139.3393,36.6783],[139.3349,36.6745],[139.3345,36.6656],[139.3304,36.6636],[139.3267,36.6571],[139.3286,36.6526],[139.3266,36.6506],[139.3305,36.6426],[139.3281,36.6337],[139.3295,36.6278],[139.3457,36.6259],[139.3471,36.6196],[139.3523,36.6151],[139.3714,36.612],[139.3792,36.6131],[139.3867,36.612],[139.3918,36.6062],[139.3982,36.602],[139.4065,36.6048],[139.4036,36.6088],[139.405,36.6089],[139.4128,36.608],[139.4174,36.6046],[139.4247,36.6035],[139.4278,36.601],[139.4363,36.6017],[139.4383,36.6043],[139.4454,36.6075],[139.451,36.6065],[139.4526,36.6036],[139.4576,36.6063],[139.4653,36.6066],[139.4715,36.6028],[139.471,36.6011],[139.4749,36.5936],[139.4738,36.5905],[139.4835,36.5823],[139.4824,36.5778],[139.4739,36.5731],[139.474,36.5667],[139.4654,36.5634],[139.4608,36.5532],[139.4571,36.5532],[139.4522,36.5496],[139.4435,36.5526],[139.439,36.5507],[139.4369,36.5422],[139.4379,36.5405],[139.4362,36.5394],[139.4378,36.536],[139.4345,36.5336],[139.4429,36.5317],[139.4418,36.5289],[139.4399,36.5254],[139.4346,36.5221],[139.4347,36.5196],[139.4328,36.519],[139.4315,36.5147],[139.4277,36.5106],[139.4217,36.509],[139.424,36.5063],[139.419,36.5023],[139.4179,36.4946],[139.4226,36.4937],[139.4219,36.4903],[139.4281,36.4904],[139.4259,36.4845],[139.4297,36.4819],[139.4313,36.4712],[139.438,36.4749],[139.4354,36.4642],[139.4296,36.4615],[139.4312,36.4604],[139.431,36.4575],[139.4255,36.4593],[139.4209,36.4569],[139.4178,36.4608],[139.4147,36.4619],[139.4111,36.4584],[139.4082,36.458],[139.4118,36.4551],[139.412,36.45],[139.405,36.445],[139.4027,36.4369],[139.3945,36.4344],[139.395,36.4308],[139.392,36.4277],[139.3918,36.4244],[139.3863,36.4221],[139.385,36.4193],[139.3786,36.4146],[139.3754,36.4058],[139.3755,36.4003],[139.3699,36.3978],[139.3668,36.3908],[139.361,36.3852],[139.3676,36.3764],[139.3682,36.3725],[139.3664,36.3705],[139.3686,36.3673],[139.3781,36.36],[139.3871,36.3558],[139.3938,36.3475],[139.4179,36.3366],[139.4228,36.3323],[139.4267,36.3269],[139.4267,36.3246],[139.4241,36.3237],[139.4232,36.3253],[139.4216,36.3225],[139.419,36.3271],[139.4156,36.3259],[139.4158,36.3225],[139.4182,36.3215],[139.4156,36.3196],[139.4154,36.318],[139.4175,36.3169],[139.4157,36.3159],[139.4232,36.3079],[139.4292,36.3062],[139.4267,36.304],[139.4315,36.301],[139.4305,36.2956],[139.4357,36.292],[139.4371,36.297],[139.4392,36.2966],[139.4435,36.2937],[139.4436,36.2884],[139.4592,36.2884],[139.4609,36.2872],[139.4608,36.2851],[139.4685,36.2792],[139.463,36.2794],[139.4585,36.2763],[139.4627,36.2721],[139.4691,36.2706],[139.4725,36.2712],[139.4718,36.2759],[139.4754,36.2758],[139.4754,36.2734],[139.481,36.2713],[139.488,36.276],[139.4931,36.2738],[139.5007,36.2763],[139.5032,36.2811],[139.5126,36.2782],[139.515,36.2811],[139.5203,36.2808],[139.526,36.2847],[139.5346,36.279],[139.5366,36.2818],[139.5392,36.2808],[139.5398,36.2771],[139.544,36.2758],[139.5485,36.2807],[139.5501,36.2783],[139.5533,36.2795],[139.5559,36.2767],[139.5535,36.2739],[139.5623,36.2669],[139.5704,36.2681],[139.5768,36.2668],[139.5839,36.2692],[139.6086,36.2681],[139.6159,36.2737],[139.6198,36.2744],[139.625,36.2715],[139.633,36.271],[139.6369,36.264],[139.6427,36.2668],[139.6424,36.2642],[139.6365,36.2619],[139.6307,36.2547],[139.6342,36.2528],[139.6423,36.2417],[139.6415,36.2355],[139.6455,36.2405],[139.6485,36.2379],[139.6506,36.2391],[139.6535,36.237],[139.6554,36.234],[139.6541,36.2316],[139.6592,36.2314],[139.6583,36.2299],[139.6631,36.2306],[139.6596,36.2285],[139.6613,36.2245],[139.6592,36.2208],[139.6654,36.2234],[139.6671,36.2167],[139.6699,36.2143],[139.6695,36.2126],[139.6643,36.2095],[139.6644,36.2071],[139.6677,36.2067],[139.6742,36.2091],[139.6769,36.2019],[139.6803,36.2005],[139.6863,36.2036],[139.6884,36.1954],[139.6942,36.191],[139.6909,36.175],[139.6957,36.1571],[139.71,36.1362],[139.7136,36.1262],[139.7264,36.1125],[139.7283,36.0901],[139.7304,36.0871],[139.7468,36.0871],[139.7583,36.0819],[139.7692,36.0808],[139.7722,36.0826],[139.7731,36.0889],[139.7762,36.0908],[139.7768,36.0971],[139.7868,36.1041],[139.8014,36.0917],[139.8083,36.0704],[139.813,36.0631],[139.8413,36.0377],[139.8576,36.029],[139.8768,36.0102],[139.8823,35.9914],[139.885,35.988],[139.8978,35.9783],[139.9129,35.9714],[139.9323,35.9695],[139.9362,35.9666],[139.9381,35.9621],[139.9317,35.9508],[139.9377,35.9412],[139.9509,35.9365],[139.9648,35.927],[139.9763,35.9234],[139.9858,35.9148],[139.9943,35.9098],[139.9987,35.9091],[140.0132,35.9111],[140.0209,35.9092],[140.0284,35.9022],[140.0437,35.8934],[140.0603,35.8886],[140.0667,35.8808],[140.0737,35.8767],[140.0783,35.8778],[140.0875,35.8839],[140.0928,35.8839],[140.1117,35.876],[140.1246,35.8725],[140.1276,35.8704],[140.1342,35.8589],[140.1499,35.8437],[140.1567,35.8427],[140.1667,35.8451],[140.1875,35.8521],[140.1991,35.8591],[140.207,35.8615],[140.2155,35.8616],[140.2314,35.8542],[140.2417,35.8546],[140.2667,35.8699],[140.2797,35.8742],[140.3041,35.8653],[140.3194,35.8646],[140.335,35.8724],[140.3484,35.8832],[140.3538,35.8928],[140.3616,35.8986],[140.3983,35.9093],[140.4084,35.9091],[140.419,35.9063],[140.4238,35.9069],[140.4348,35.9118],[140.4485,35.915],[140.4584,35.9265],[140.4709,35.9199],[140.4833,35.9102],[140.5028,35.9055],[140.4907,35.915],[140.4871,35.9283],[140.4895,35.9319],[140.4938,35.9303],[140.4955,35.9312],[140.4997,35.9444],[140.5112,35.9587],[140.5243,35.95],[140.5349,35.94],[140.5706,35.9241],[140.5737,35.9219],[140.5726,35.9212],[140.5811,35.9167],[140.5852,35.9092],[140.5879,35.9105],[140.5895,35.9082],[140.5875,35.9073],[140.5882,35.9062],[140.5989,35.9032],[140.608,35.8958],[140.6123,35.8907],[140.6194,35.8764],[140.6283,35.8656],[140.6307,35.8591],[140.6836,35.8491],[140.7066,35.8363],[140.7167,35.8238],[140.7259,35.8007],[140.7442,35.7833],[140.7861,35.7597],[140.8083,35.7452],[140.82,35.7397],[140.846,35.7399],[140.8499,35.7414],[140.852,35.7447]],[[139.2298,36.9383],[139.2302,36.9404],[139.2352,36.9423],[139.2416,36.9415],[139.2407,36.9433],[139.2434,36.9445],[139.2441,36.9477],[139.2418,36.9499],[139.245,36.9523],[139.2465,36.9559],[139.2499,36.9558],[139.2501,36.9594],[139.2486,36.9613],[139.2512,36.962],[139.2514,36.9642],[139.2479,36.966],[139.2493,36.9677],[139.2477,36.971],[139.2527,36.9735],[139.2522,36.9765],[139.2472,36.9806],[139.2482,36.9823],[139.2532,36.9836],[139.2557,36.9887],[139.2527,36.9938],[139.251,37.0048],[139.2434,37.0154],[139.2485,37.0239],[139.2478,37.027],[139.2495,37.0277],[139.2485,37.0309],[139.2532,37.0343],[139.2543,37.0372],[139.2529,37.04],[139.2596,37.0433],[139.2603,37.0478],[139.2571,37.0501],[139.2573,37.0564],[139.2549,37.0576],[139.2544,37.0626],[139.247,37.0708],[139.2465,37.0738],[139.249,37.081],[139.2433,37.0842],[139.2387,37.0901],[139.2409,37.0937],[139.2361,37.1009],[139.2351,37.1101],[139.2373,37.1192],[139.2438,37.1279],[139.2461,37.1464],[139.2498,37.1514],[139.25,37.1567],[139.253,37.1584],[139.253,37.1613],[139.2503,37.1638],[139.2538,37.1651],[139.2461,37.1665],[139.2474,37.1696],[139.2429,37.1714],[139.2453,37.1772],[139.2435,37.1774],[139.2446,37.1813],[139.241,37.184],[139.2413,37.1869],[139.2356,37.1885],[139.2292,37.1966],[139.2257,37.1982],[139.2266,37.2032],[139.2213,37.2049],[139.2207,37.2092],[139.2175,37.2093],[139.2133,37.1998],[139.2083,37.1957],[139.2053,37.1942],[139.1966,37.194],[139.1967,37.1996],[139.1944,37.2047],[139.1871,37.2097],[139.1831,37.2174],[139.1725,37.2249],[139.1709,37.2285],[139.1659,37.2322],[139.1648,37.2364],[139.1649,37.2398],[139.1747,37.2564],[139.1778,37.2566],[139.1836,37.2639],[139.192,37.2695],[139.1931,37.2735],[139.1974,37.2752],[139.2057,37.2839],[139.2106,37.285],[139.2134,37.288],[139.215,37.2997],[139.2177,37.3051],[139.2157,37.3091],[139.2221,37.3149],[139.2243,37.3199],[139.221,37.3238],[139.2204,37.3315],[139.2179,37.3342],[139.2218,37.3356],[139.2281,37.3433],[139.2336,37.3435],[139.2348,37.3512],[139.2335,37.3581],[139.2377,37.3683],[139.2368,37.376],[139.2349,37.3789],[139.2314,37.3803],[139.2305,37.3828],[139.2316,37.3877],[139.2271,37.3887],[139.2276,37.39]],[[139.2319,36.9405],[139.238,36.9466],[139.2285,36.9613],[139.2193,36.9609],[139.2144,36.957],[139.2054,36.9559],[139.202,36.9584],[139.1984,36.9577],[139.1952,36.959],[139.1928,36.9612],[139.1865,36.9599],[139.1827,36.9617],[139.1752,36.9733],[139.1779,36.9837],[139.1771,36.9852],[139.1796,36.9904],[139.1741,36.9957],[139.1711,37.0019],[139.1505,37.0093],[139.1431,37.0214],[139.132,37.0256],[139.1278,37.0385],[139.1245,37.0408],[139.125,37.0449],[139.123,37.0471],[139.1152,37.0476],[139.1112,37.0553],[139.097,37.0586],[139.0946,37.0562],[139.0904,37.0449],[139.0915,37.0395],[139.0887,37.0308],[139.0911,37.0197],[139.0813,37.0114],[139.0807,37.0087],[139.0734,37.0085],[139.0718,37.0064],[139.0656,37.0049],[139.0609,37.0006],[139.0542,36.9983],[139.0501,36.9949],[139.0504,36.9927],[139.0474,36.9873],[139.0304,36.9836],[139.0155,36.9883],[139.0003,36.9791],[138.9697,36.9814],[138.9665,36.979],[138.9678,36.9735],[138.9654,36.9675],[138.9661,36.9571],[138.9638,36.9513],[138.9667,36.931],[138.9767,36.9208],[138.9773,36.9181],[138.9749,36.9163],[138.9744,36.9129],[138.9797,36.9049],[138.9796,36.892],[138.9715,36.8872],[138.9668,36.8912],[138.9545,36.8954],[138.9495,36.893],[138.9406,36.8952],[138.9324,36.8936],[138.9306,36.8871],[138.9231,36.8836],[138.922,36.8785],[138.9171,36.8713],[138.9218,36.8651],[138.9221,36.8609],[138.9179,36.8568],[138.916,36.8507],[138.9171,36.8489],[138.925,36.8465],[138.9299,36.8373],[138.9291,36.8326],[138.9097,36.828],[138.8819,36.8258],[138.8794,36.8249],[138.8756,36.8186],[138.8646,36.8163],[138.8565,36.8116],[138.8509,36.812],[138.8396,36.8172],[138.836,36.8153],[138.8297,36.8178],[138.8217,36.8176],[138.822,36.8114],[138.8262,36.8054],[138.8267,36.7999],[138.8291,36.7954],[138.8318,36.7939],[138.829,36.7917],[138.8291,36.7822],[138.8251,36.7758],[138.8269,36.7723],[138.8216,36.7644],[138.8178,36.7616],[138.8111,36.7649],[138.8074,36.7649],[138.7953,36.7581],[138.7925,36.7521],[138.7927,36.7479],[138.7894,36.7449],[138.785,36.7449],[138.7824,36.7473],[138.7782,36.7477],[138.7673,36.7465],[138.7649,36.7491],[138.758,36.7508],[138.7482,36.7578],[138.7406,36.7593],[138.7354,36.7628],[138.7294,36.7624],[138.727,36.7642],[138.7214,36.7592],[138.7219,36.7497],[138.7185,36.7462],[138.7158,36.7458],[138.7122,36.7387],[138.7054,36.7366],[138.6959,36.7385],[138.6846,36.7364],[138.6762,36.7306],[138.6683,36.7309],[138.6657,36.7287],[138.663,36.7296],[138.6565,36.7286],[138.6555,36.7271],[138.6489,36.7271],[138.645,36.7244],[138.6304,36.7195],[138.6275,36.721],[138.6224,36.7205],[138.6172,36.7143],[138.6171,36.7113],[138.611,36.7064],[138.6047,36.7086]],[[139.228,37.3907],[139.2226,37.3933],[139.2176,37.3915],[139.2121,37.3921],[139.2077,37.3962],[139.2076,37.4006],[139.2046,37.4062],[139.1972,37.4108],[139.1995,37.4135],[139.2084,37.4168],[139.2067,37.4239],[139.2075,37.4289],[139.2136,37.4364],[139.213,37.4387],[139.2151,37.44],[139.2151,37.442],[139.2187,37.4453],[139.2223,37.4461],[139.2231,37.4489],[139.2359,37.4448],[139.2466,37.4489],[139.2515,37.4525],[139.2563,37.4509],[139.2583,37.447],[139.273,37.4502],[139.2786,37.4532],[139.2809,37.4504],[139.284,37.4499],[139.2868,37.4524],[139.3048,37.4588],[139.3107,37.4556],[139.3155,37.4594],[139.3265,37.4624],[139.3278,37.4598],[139.3342,37.4579],[139.3457,37.4602],[139.3513,37.4656],[139.3516,37.4681],[139.3559,37.4672],[139.3626,37.47],[139.3663,37.4685],[139.3685,37.4654],[139.3739,37.4638],[139.3853,37.4637],[139.3975,37.4598],[139.4064,37.4662],[139.4046,37.4681],[139.4046,37.4751],[139.4099,37.4832],[139.407,37.4865],[139.4086,37.489],[139.4079,37.4925],[139.414,37.4967],[139.4106,37.5021],[139.4112,37.5052]],[[139.5624,37.6],[139.565,37.5974],[139.564,37.5962],[139.5658,37.5902],[139.5643,37.5881],[139.5675,37.5846],[139.5661,37.5831],[139.5682,37.5799],[139.5705,37.5794],[139.5717,37.5744],[139.5704,37.5729],[139.5724,37.5703],[139.5676,37.563],[139.5703,37.5506],[139.5657,37.5461],[139.5711,37.5436],[139.5702,37.5391],[139.5766,37.5346],[139.5787,37.53],[139.5838,37.5278],[139.5906,37.5279],[139.5911,37.5252],[139.5881,37.5233],[139.584,37.512],[139.5649,37.5017],[139.5618,37.5039],[139.5561,37.5041],[139.5552,37.5061],[139.5489,37.509],[139.5452,37.5093],[139.5431,37.5121],[139.5282,37.5123],[139.5236,37.5145],[139.5197,37.5137],[139.5138,37.5086],[139.4967,37.5126],[139.4858,37.5103],[139.4819,37.5053],[139.4758,37.5026],[139.4718,37.5064],[139.4661,37.5083],[139.4636,37.5129],[139.4579,37.5158],[139.4569,37.5179],[139.4506,37.5174],[139.4393,37.5132],[139.4292,37.5147],[139.4279,37.5113],[139.4142,37.5102],[139.4117,37.5057]],[[139.5623,37.6002],[139.5544,37.6024],[139.5495,37.6083]],[[139.5491,37.6087],[139.5481,37.6136],[139.5514,37.6159],[139.5522,37.6186],[139.5479,37.6218],[139.546,37.6289],[139.5475,37.6338],[139.5553,37.6409],[139.552,37.6432],[139.5493,37.6491],[139.5634,37.6539],[139.5685,37.6531],[139.5798,37.6608],[139.5848,37.6623],[139.5886,37.6672],[139.5914,37.6676],[139.5936,37.6651],[139.5979,37.6667]],[[139.5984,37.6671],[139.605,37.6741],[139.606,37.6776],[139.6045,37.6793],[139.6094,37.6843],[139.6175,37.6888],[139.6271,37.6882],[139.628,37.6896]],[[140.2643,36.9333],[140.2565,36.932],[140.2524,36.9287],[140.2484,36.9215],[140.2501,36.9173],[140.2487,36.9089],[140.2505,36.9061],[140.2513,36.897],[140.2531,36.8961],[140.2543,36.8913],[140.2528,36.8858],[140.2551,36.8839],[140.2539,36.8776],[140.2567,36.8735],[140.2542,36.8695],[140.2544,36.8604],[140.2515,36.8525],[140.2527,36.8494],[140.2567,36.8481],[140.2553,36.8407],[140.2572,36.8383],[140.2626,36.8367],[140.2623,36.8328],[140.2657,36.829],[140.2649,36.828],[140.2672,36.8239],[140.2667,36.8132],[140.2633,36.8104],[140.2671,36.7993],[140.2665,36.796],[140.2645,36.7946],[140.2664,36.7905],[140.2635,36.7859],[140.26,36.7862],[140.2536,36.783],[140.2574,36.7772],[140.2537,36.7744],[140.2611,36.7676],[140.2553,36.7644],[140.2549,36.7599],[140.2595,36.755],[140.2591,36.7531],[140.2622,36.7483],[140.2646,36.7478],[140.2691,36.7421],[140.2706,36.7426],[140.2833,36.7341],[140.2877,36.7254],[140.287,36.7184],[140.2923,36.7126],[140.2858,36.7125],[140.2802,36.7073],[140.275,36.7082],[140.2714,36.7069],[140.2682,36.7022],[140.2598,36.7012],[140.2563,36.703],[140.2467,36.7023],[140.244,36.6976],[140.2324,36.7001],[140.2297,36.6986],[140.2238,36.6889],[140.2204,36.6871],[140.2201,36.6843],[140.2235,36.6836],[140.2251,36.6775],[140.2217,36.6776],[140.2215,36.6744],[140.2317,36.6698],[140.2327,36.6655],[140.2293,36.6623],[140.2409,36.6509],[140.2391,36.6456],[140.2416,36.6429],[140.2428,36.6367],[140.2338,36.6344],[140.2355,36.6278],[140.2347,36.6238],[140.236,36.6229],[140.2397,36.625],[140.2485,36.6107],[140.2492,36.5995],[140.2438,36.5884],[140.2438,36.583],[140.2457,36.5821],[140.2445,36.5755],[140.2426,36.5743],[140.2454,36.5721],[140.247,36.5675],[140.2456,36.5658],[140.247,36.5646],[140.2438,36.5628],[140.2515,36.5548],[140.2514,36.5522],[140.247,36.5483],[140.2482,36.5448],[140.2477,36.5345],[140.2534,36.5272],[140.2527,36.5247],[140.2593,36.5197],[140.2602,36.5174],[140.2474,36.515],[140.2491,36.5077],[140.2425,36.5076],[140.2412,36.5027],[140.2358,36.5047],[140.2354,36.503],[140.2294,36.502],[140.2312,36.4973],[140.2298,36.4911],[140.2266,36.4889],[140.2272,36.4859],[140.2216,36.4804],[140.2166,36.479],[140.2121,36.471],[140.2131,36.4673],[140.2077,36.4632],[140.2074,36.457],[140.2026,36.4541],[140.2029,36.4504],[140.2062,36.4465],[140.2013,36.4381],[140.2012,36.4315],[140.2034,36.4287],[140.2033,36.4207],[140.1984,36.4158],[140.1975,36.4119],[140.1927,36.4067],[140.1926,36.4047],[140.1891,36.404],[140.1891,36.4022],[140.1863,36.4014],[140.1852,36.3983],[140.1807,36.3974],[140.166,36.4001],[140.1565,36.398],[140.1488,36.4064],[140.1443,36.414],[140.141,36.412],[140.1321,36.4149],[140.125,36.4141],[140.1147,36.4111],[140.1096,36.4073],[140.1112,36.398],[140.1015,36.397],[140.0956,36.3987],[140.0922,36.4017],[140.0878,36.3983],[140.0811,36.4037],[140.0664,36.4038],[140.0652,36.3969],[140.0691,36.3889],[140.0627,36.3814],[140.0482,36.3756],[140.0398,36.375],[140.035,36.3782],[140.0281,36.3772],[140.0265,36.3754],[140.0213,36.3765],[140.0152,36.3747],[140.0148,36.3762],[140.0166,36.3764],[140.0151,36.3774],[140.0125,36.3761],[140.0111,36.3729],[140.009,36.3751],[140.0004,36.3766],[140.0009,36.3736],[140.0039,36.3706],[140.0022,36.368],[139.9927,36.3697],[139.9899,36.3672],[139.9841,36.3682],[139.9832,36.3701],[139.9792,36.3698],[139.9783,36.3724],[139.9747,36.3743],[139.9735,36.3785],[139.9692,36.3705],[139.9652,36.3672],[139.9645,36.3509],[139.9462,36.3492],[139.9438,36.3469],[139.9352,36.3454],[139.9351,36.3435],[139.9224,36.3415],[139.9143,36.3367],[139.9116,36.3321],[139.9127,36.3255],[139.9103,36.3098],[139.9151,36.309],[139.9104,36.3009],[139.9043,36.2979],[139.9019,36.2986],[139.8999,36.3015],[139.8975,36.3001],[139.8943,36.3019],[139.8943,36.3043],[139.8991,36.3063],[139.8966,36.3098],[139.8917,36.3091],[139.8853,36.3119],[139.8815,36.3096],[139.8788,36.3107],[139.8785,36.314],[139.8826,36.3206],[139.8807,36.323],[139.8747,36.3232],[139.8753,36.3208],[139.8721,36.3182],[139.8725,36.3151],[139.8701,36.3138],[139.8647,36.3156],[139.858,36.3107],[139.8502,36.3118],[139.848,36.3107],[139.8354,36.2935],[139.8417,36.2759],[139.835,36.2704],[139.8316,36.2646],[139.8277,36.2496],[139.8219,36.2398],[139.7595,36.219],[139.7483,36.2111],[139.7275,36.2016],[139.7274,36.2059],[139.7201,36.2077],[139.7202,36.2113],[139.7175,36.2115],[139.716,36.2097],[139.7069,36.2106],[139.7084,36.207],[139.7065,36.2019],[139.7025,36.204],[139.6991,36.2037],[139.6986,36.2065],[139.6931,36.2066],[139.6906,36.2054],[139.6879,36.1997]],[[140.5289,36.8419],[140.5274,36.8393],[140.5191,36.8362],[140.517,36.8271],[140.5139,36.8234],[140.5109,36.8219],[140.5044,36.8232],[140.5015,36.8182],[140.4979,36.8193],[140.4936,36.8182],[140.4929,36.8195],[140.488,36.8184],[140.4894,36.8097],[140.4806,36.8038],[140.4801,36.7996],[140.4779,36.7983],[140.4786,36.7969],[140.4642,36.7914],[140.462,36.7936],[140.4619,36.7971],[140.4571,36.7985],[140.4567,36.8021],[140.4533,36.803],[140.4504,36.8087],[140.4473,36.8091],[140.4384,36.8216],[140.431,36.817],[140.4278,36.8205],[140.4231,36.8205],[140.4215,36.8224],[140.4221,36.8241],[140.4158,36.8286],[140.415,36.8321],[140.41,36.8303],[140.4075,36.8323],[140.3929,36.8324],[140.3871,36.8342],[140.3854,36.8362],[140.3772,36.8379],[140.3759,36.8412],[140.3777,36.843],[140.3763,36.8449],[140.3769,36.847],[140.3718,36.8554],[140.3706,36.8551],[140.3684,36.8612],[140.3696,36.8631],[140.3687,36.8674],[140.3724,36.8713],[140.3693,36.8747],[140.3651,36.8844],[140.3583,36.8853]],[[139.7762,36.0908],[139.7799,36.0828],[139.7828,36.0702],[139.7912,36.0583],[139.8016,36.0492],[139.8046,36.0446],[139.8147,36.0377],[139.8173,36.0325],[139.8174,36.0299],[139.8134,36.0234],[139.817,36.0032],[139.8142,35.9973],[139.8264,35.984],[139.8256,35.9729],[139.8339,35.9683],[139.835,35.9601],[139.8375,35.9545],[139.8475,35.9397],[139.8609,35.9325],[139.8664,35.9271],[139.8718,35.9159],[139.887,35.897],[139.8931,35.8854],[139.8945,35.8775],[139.9003,35.8642],[139.8959,35.8525],[139.89,35.844],[139.8885,35.8322],[139.888,35.8232],[139.8917,35.8183],[139.8888,35.8075],[139.8908,35.7998],[139.8882,35.7953],[139.8938,35.7827],[139.8872,35.784],[139.8775,35.7812],[139.8745,35.7818],[139.8712,35.7866],[139.8766,35.7932],[139.8734,35.7972],[139.8639,35.7948],[139.8595,35.7952],[139.8559,35.7908],[139.8472,35.7958],[139.8434,35.7998],[139.838,35.8008],[139.8328,35.7957],[139.8261,35.7934],[139.8196,35.7992],[139.8209,35.8059],[139.8249,35.811],[139.8237,35.8139],[139.8211,35.8151],[139.8201,35.813],[139.8211,35.8114],[139.8186,35.8118],[139.8147,35.8087],[139.8023,35.8086],[139.794,35.8052],[139.7811,35.8072],[139.7718,35.8169],[139.7672,35.8177],[139.7613,35.8129],[139.7556,35.8127],[139.7552,35.8107],[139.7519,35.8109],[139.7504,35.8093],[139.7507,35.8066],[139.7608,35.7975],[139.76,35.7943],[139.7556,35.79],[139.7554,35.7872],[139.75,35.7859],[139.7467,35.7868],[139.7459,35.7833],[139.738,35.7802],[139.7386,35.7872],[139.7353,35.7896],[139.7241,35.7874],[139.7219,35.7909],[139.7073,35.7925],[139.6944,35.8001],[139.6884,35.8009],[139.6771,35.7988],[139.6578,35.8005],[139.6479,35.7975],[139.6406,35.7977],[139.6379,35.7912],[139.6323,35.789],[139.6317,35.7863],[139.6291,35.7857],[139.6245,35.7808],[139.6242,35.7743],[139.6256,35.7728],[139.623,35.7669],[139.6177,35.7666],[139.6172,35.7704],[139.6155,35.7709],[139.6114,35.7694],[139.6113,35.7711],[139.6086,35.7688],[139.6064,35.7709],[139.6029,35.771],[139.5982,35.7691],[139.5984,35.7721],[139.6044,35.775],[139.5969,35.7764],[139.5972,35.7784],[139.5941,35.7787],[139.5934,35.7772],[139.5888,35.7785],[139.5867,35.7753],[139.582,35.7726],[139.5822,35.7712],[139.5782,35.7709],[139.5769,35.7681],[139.5743,35.7682],[139.5746,35.7662],[139.57,35.7656],[139.5711,35.7633],[139.5661,35.7619],[139.5636,35.7628],[139.5618,35.7596],[139.5562,35.7589],[139.5552,35.7557],[139.552,35.756],[139.5472,35.7534],[139.5468,35.7551],[139.5444,35.7555],[139.547,35.7603],[139.547,35.7701]],[[139.6644,36.2071],[139.6612,36.2083],[139.6639,36.2119],[139.6593,36.2149],[139.6494,36.2112],[139.6497,36.206]],[[138.7126,35.9853],[138.7168,35.9929],[138.7261,35.9945],[138.7299,35.9981],[138.7322,35.9983],[138.7373,36.0041],[138.7365,36.0063],[138.7438,36.0101],[138.7448,36.0137],[138.7492,36.0167],[138.7494,36.0221],[138.7536,36.0283],[138.7542,36.0344],[138.7597,36.0348],[138.7689,36.0388],[138.7735,36.0388],[138.7806,36.0369],[138.7819,36.0342],[138.7867,36.0331],[138.788,36.0304],[138.7912,36.0294],[138.8023,36.0335],[138.8138,36.0335],[138.8159,36.0355],[138.8284,36.0373],[138.832,36.0475],[138.8346,36.0502],[138.8377,36.05],[138.8431,36.0562],[138.846,36.0666],[138.8508,36.0693],[138.855,36.0685],[138.8592,36.0699],[138.8651,36.0775],[138.8778,36.0826],[138.8868,36.0842],[138.8915,36.0876],[138.8948,36.0875],[138.8979,36.0907],[138.9072,36.092],[138.911,36.0908],[138.9165,36.0937],[138.9315,36.0881],[138.9381,36.0929],[138.9451,36.0946],[138.9503,36.0994],[138.9511,36.1027],[138.9579,36.1076],[138.9563,36.1124],[138.9587,36.1242],[138.9639,36.1259],[138.9699,36.1244],[138.9776,36.1164],[138.9818,36.1171],[138.9853,36.1155],[138.9893,36.1179],[138.9935,36.1249],[139.0014,36.125],[139.0064,36.1292],[139.0037,36.1321],[139.0053,36.1335],[139.0102,36.132],[139.0156,36.1341],[139.0199,36.131],[139.0247,36.1341],[139.0266,36.133],[139.026,36.1301],[139.0333,36.1268],[139.0368,36.1262],[139.0419,36.1279],[139.0432,36.1312],[139.0412,36.1344],[139.0411,36.1396],[139.0427,36.148],[139.0472,36.1493],[139.0482,36.1523],[139.0622,36.1529],[139.0615,36.156],[139.0637,36.1596],[139.0621,36.1625],[139.0583,36.1647],[139.0594,36.1665],[139.0575,36.1696],[139.0564,36.1807],[139.0577,36.1837],[139.0643,36.1867],[139.0634,36.1963],[139.0814,36.2144],[139.0901,36.2302],[139.1075,36.2526],[139.1112,36.2585],[139.108,36.262],[139.118,36.2689],[139.1297,36.2834],[139.1357,36.2784],[139.159,36.2778],[139.164,36.2789],[139.1728,36.2729],[139.1974,36.2624],[139.2056,36.2631],[139.2109,36.2615],[139.2116,36.2562],[139.224,36.2583],[139.2367,36.2466],[139.2441,36.2444],[139.2542,36.2458],[139.2617,36.2427],[139.267,36.2426],[139.267,36.2506],[139.2863,36.2451],[139.2985,36.2433],[139.297,36.2419],[139.3083,36.2376],[139.3237,36.2367],[139.328,36.2374],[139.3286,36.2409],[139.3402,36.2439],[139.3395,36.246],[139.3451,36.2481],[139.3473,36.2537],[139.351,36.2544],[139.3536,36.2515],[139.3595,36.2532],[139.3678,36.2468],[139.3767,36.2445],[139.3902,36.2309],[139.3901,36.2292],[139.4091,36.2232],[139.419,36.2166],[139.4198,36.2109],[139.424,36.2109],[139.4289,36.2086],[139.4443,36.1967],[139.4543,36.1914],[139.4622,36.1895],[139.4731,36.1893],[139.5028,36.1936],[139.5205,36.1912],[139.5296,36.1917],[139.5542,36.2007],[139.573,36.204],[139.5878,36.2104],[139.6011,36.2055],[139.6151,36.192],[139.6249,36.1866],[139.6259,36.1924],[139.6287,36.1951],[139.6372,36.1972],[139.6488,36.1961],[139.651,36.1975],[139.6497,36.2057]],[[138.7126,35.9853],[138.7004,35.9883],[138.697,35.9912],[138.6887,35.9918],[138.6864,35.9949],[138.6872,35.9998],[138.6812,36.0041],[138.6798,36.0093],[138.6809,36.0107],[138.6796,36.0117],[138.6667,36.0115]],[[138.7126,35.9853],[138.7114,35.9713],[138.7129,35.9677],[138.7144,35.9653],[138.7195,35.9629],[138.721,35.9591],[138.7268,35.9567],[138.7305,35.9503],[138.7311,35.9451],[138.7393,35.9391],[138.7374,35.9363],[138.7392,35.9333],[138.7385,35.929],[138.7324,35.9196],[138.7281,35.9178],[138.7307,35.9149],[138.7289,35.9105],[138.7299,35.9079],[138.7337,35.9042],[138.7395,35.9058],[138.7491,35.9016],[138.7573,35.9027],[138.7657,35.8991],[138.7711,35.9006],[138.7789,35.9]],[[138.6657,36.0114],[138.6617,36.0118],[138.6612,36.0165],[138.646,36.0199],[138.6451,36.024],[138.6361,36.0277],[138.6321,36.0269],[138.6315,36.0282],[138.6387,36.0426],[138.6442,36.0498],[138.6418,36.0595],[138.6428,36.0689],[138.6406,36.0708],[138.6404,36.0748],[138.6329,36.08],[138.6325,36.0843],[138.6303,36.0864],[138.6305,36.0912],[138.635,36.0925],[138.6373,36.0971],[138.6387,36.0962],[138.6452,36.0988],[138.645,36.1034],[138.6476,36.1066],[138.6463,36.1098],[138.6423,36.112],[138.6427,36.1138],[138.6402,36.1173],[138.6454,36.1202],[138.6377,36.1236],[138.6365,36.1311],[138.6341,36.134],[138.6225,36.1319],[138.6206,36.134],[138.6122,36.1334],[138.6063,36.1363],[138.6008,36.1355],[138.5945,36.1437],[138.5955,36.1465],[138.5931,36.1505],[138.5933,36.1531],[138.5906,36.1548],[138.5876,36.1608],[138.5839,36.1603],[138.5808,36.1618],[138.5802,36.1666],[138.5773,36.168],[138.5815,36.1777],[138.5835,36.1788],[138.5838,36.1773],[138.5871,36.1768],[138.5894,36.179],[138.5907,36.1777],[138.5883,36.1725],[138.5927,36.1669],[138.6046,36.1643],[138.6097,36.1614],[138.6085,36.1654],[138.6128,36.1686],[138.6309,36.1728],[138.6359,36.1709],[138.6371,36.1747],[138.6294,36.1833],[138.6272,36.1917],[138.6228,36.1968],[138.6302,36.2034],[138.6348,36.2056],[138.6367,36.2043],[138.6344,36.2087],[138.6347,36.2137],[138.6315,36.2173],[138.6222,36.2146],[138.6147,36.2242],[138.6146,36.228],[138.6117,36.2296],[138.6126,36.2407],[138.61,36.2442],[138.6021,36.2491],[138.6048,36.2541],[138.6037,36.2628],[138.606,36.2668],[138.6038,36.2695],[138.6037,36.2747],[138.6003,36.2784],[138.6072,36.2796],[138.6112,36.2821],[138.6125,36.2857],[138.6309,36.2885],[138.6375,36.2935],[138.6444,36.2932],[138.6463,36.2975],[138.6509,36.2988],[138.6501,36.3015],[138.6535,36.303],[138.6538,36.3072],[138.6512,36.308],[138.6478,36.3156],[138.6533,36.3241],[138.6515,36.3272],[138.6532,36.33],[138.6505,36.3321],[138.6512,36.3353],[138.6497,36.3381],[138.6513,36.3494],[138.6501,36.3525],[138.654,36.3571],[138.6522,36.3622],[138.6572,36.3689],[138.6515,36.373],[138.6496,36.3789],[138.6522,36.3854],[138.6522,36.3954],[138.6484,36.4],[138.6479,36.4091],[138.6369,36.4173]],[[138.6045,36.7088],[138.6,36.7141],[138.5953,36.7145],[138.5934,36.7098],[138.5841,36.7012],[138.5746,36.7073],[138.5713,36.7055],[138.5598,36.707],[138.5531,36.7046],[138.5436,36.7038],[138.5386,36.7003],[138.5371,36.6971],[138.5308,36.6977],[138.5143,36.6908],[138.5199,36.6893],[138.5183,36.6762],[138.5261,36.6687],[138.5344,36.6662],[138.5292,36.658],[138.529,36.6548],[138.5239,36.6503],[138.5151,36.6491],[138.5117,36.6467],[138.508,36.6483],[138.5016,36.6444],[138.4901,36.6412],[138.4813,36.6452],[138.4732,36.6441],[138.4671,36.6372],[138.4635,36.6371],[138.4586,36.6344],[138.4581,36.6295],[138.4606,36.6265],[138.455,36.6139],[138.4508,36.6108],[138.4416,36.6107],[138.4389,36.6056],[138.4414,36.5998],[138.432,36.5993],[138.4288,36.5979],[138.4266,36.5945],[138.4268,36.5871],[138.4242,36.5815],[138.4209,36.5788],[138.4203,36.5737],[138.4284,36.5687],[138.4287,36.5636],[138.4262,36.5601],[138.4289,36.5565],[138.4181,36.5433],[138.4117,36.5403],[138.414,36.5324],[138.4118,36.5274],[138.4042,36.5221],[138.4028,36.5158],[138.406,36.5074],[138.3971,36.4906],[138.3973,36.4841],[138.4008,36.4815],[138.3996,36.4732],[138.4033,36.467],[138.4004,36.4632],[138.401,36.4562],[138.3987,36.4532],[138.4035,36.452],[138.4009,36.4459],[138.4007,36.4353],[138.4017,36.4339],[138.4153,36.4316],[138.4206,36.4286],[138.4419,36.4226],[138.447,36.4193],[138.4516,36.4212],[138.4572,36.4201],[138.4582,36.4171],[138.457,36.4125],[138.4612,36.4077],[138.4597,36.4049]],[[138.6959,36.7385],[138.6947,36.7442],[138.6919,36.7461],[138.6916,36.7582],[138.6882,36.7656],[138.68,36.7664],[138.6727,36.7704],[138.6695,36.7737],[138.669,36.7786],[138.6717,36.7836],[138.684,36.7878],[138.6867,36.7903],[138.6895,36.7936],[138.6891,36.7984],[138.6956,36.8072],[138.6955,36.8095],[138.6895,36.8134],[138.6872,36.8181],[138.6796,36.821],[138.6807,36.8242],[138.6904,36.8331],[138.6917,36.8412],[138.6901,36.8461],[138.6928,36.85],[138.6933,36.8546],[138.6888,36.8581],[138.6869,36.8629],[138.6836,36.8633],[138.6813,36.8655],[138.6765,36.8673],[138.672,36.8663],[138.6574,36.868],[138.6572,36.8695],[138.6525,36.8713],[138.6512,36.8743],[138.6418,36.8756],[138.6407,36.8789],[138.6351,36.8798],[138.6356,36.8834],[138.6254,36.8824],[138.6214,36.8892],[138.6178,36.8919],[138.6181,36.8991],[138.621,36.9041],[138.6127,36.9086],[138.5964,36.907],[138.5908,36.9143],[138.5887,36.9141],[138.5921,36.9254],[138.5873,36.926],[138.5861,36.9285],[138.5829,36.9284],[138.5846,36.9325],[138.587,36.9547],[138.5851,36.9602],[138.5866,36.9618],[138.5859,36.965],[138.5874,36.9658],[138.5858,36.9726],[138.5883,36.977],[138.5868,36.9787],[138.5868,36.988],[138.576,36.996],[138.5732,37.0045],[138.5708,37.0057],[138.5698,37.0156],[138.5659,37.0213],[138.5638,37.0207],[138.5591,37.0232],[138.5525,37.0236],[138.5488,37.0212],[138.5365,37.0209],[138.5282,37.0251],[138.525,37.0303],[138.5212,37.0297],[138.5199,37.0278],[138.5141,37.0297],[138.5128,37.0278],[138.5021,37.0251],[138.4973,37.0264],[138.4907,37.0199],[138.4826,37.0198],[138.4814,37.0216],[138.4683,37.0178],[138.4554,37.0197],[138.4508,37.0149],[138.4428,37.0131],[138.4314,37.0061],[138.4122,37.0024],[138.4105,36.9984],[138.3964,36.9963],[138.3947,36.9972],[138.3945,36.9942],[138.3903,36.9913],[138.3909,36.9888],[138.389,36.9864],[138.3787,36.9806],[138.3823,36.9764],[138.376,36.9723],[138.3745,36.9685],[138.3692,36.9636],[138.3672,36.9594],[138.3682,36.9571],[138.3637,36.9531],[138.3648,36.9505],[138.3635,36.9462],[138.3648,36.9448],[138.3597,36.94],[138.3574,36.9333],[138.3523,36.9294],[138.3494,36.9294],[138.3432,36.9208],[138.3373,36.9251],[138.3296,36.9269],[138.3176,36.9252],[138.3151,36.9221],[138.3074,36.9194],[138.2963,36.9108],[138.2944,36.9013],[138.2903,36.8968],[138.2945,36.8934],[138.2953,36.8885],[138.2994,36.8867],[138.293,36.8781],[138.2932,36.8731],[138.2894,36.8715],[138.2885,36.869],[138.2924,36.8645],[138.2924,36.862],[138.295,36.8608],[138.2961,36.8556],[138.2919,36.8541],[138.2916,36.8516],[138.2898,36.8528],[138.2887,36.851],[138.2896,36.8487],[138.2876,36.8457],[138.275,36.8409],[138.2718,36.8426],[138.2704,36.8462],[138.2716,36.8555],[138.2684,36.8605],[138.2583,36.8634],[138.2574,36.8683],[138.2549,36.87],[138.2493,36.8653],[138.235,36.8637],[138.2169,36.8665],[138.213,36.8683],[138.2138,36.8711],[138.2064,36.863],[138.206,36.8594],[138.2034,36.8571],[138.1956,36.8537],[138.1775,36.8518],[138.1761,36.8477],[138.1724,36.8475],[138.1689,36.845],[138.1558,36.8451],[138.1505,36.8463],[138.1475,36.8494],[138.141,36.8471],[138.1319,36.8507],[138.1245,36.8479],[138.1152,36.8504],[138.1124,36.8495],[138.1066,36.8439],[138.0993,36.8436],[138.0933,36.8402],[138.0921,36.8362],[138.086,36.8343],[138.0814,36.8299],[138.073,36.8168],[138.0753,36.8107],[138.0705,36.8051],[138.0676,36.8036],[138.0618,36.8037],[138.0538,36.8],[138.0522,36.8],[138.0517,36.8017],[138.0518,36.8075],[138.0454,36.8098],[138.0417,36.8077],[138.0338,36.8088],[138.0337,36.8107],[138.0303,36.8137],[138.0312,36.8152],[138.0289,36.8171],[138.0246,36.8167],[138.0214,36.8196],[138.017,36.8188],[138.0113,36.8233],[138.0086,36.8227],[138.0073,36.825],[138.0035,36.8264],[138.0143,36.8389],[138.0202,36.8423],[138.0189,36.8504],[138.0158,36.8524],[138.0156,36.8572],[138.0137,36.8605],[138.0169,36.8604],[138.02,36.8624],[138.0223,36.8678],[138.0325,36.8808],[138.0312,36.8913],[138.0265,36.8925],[138.0217,36.8905],[138.0161,36.8928],[138.0147,36.895],[138.0157,36.9017],[138.0136,36.9041],[138.0022,36.9052],[137.9912,36.9108],[137.9765,36.9083],[137.9694,36.9108],[137.9658,36.9044],[137.9624,36.9021],[137.9579,36.9028],[137.953,36.9052],[137.9485,36.9128],[137.9321,36.9143],[137.921,36.92],[137.911,36.9179],[137.9028,36.9143],[137.9004,36.9114],[137.8938,36.91],[137.8786,36.9127],[137.8747,36.9159],[137.8668,36.9155],[137.8636,36.9131],[137.8639,36.9098],[137.8621,36.9076],[137.871,36.9031],[137.8717,36.9014],[137.8689,36.8976],[137.8651,36.8964],[137.8615,36.8913],[137.8667,36.8866],[137.8661,36.8835],[137.8688,36.8771],[137.8779,36.8732],[137.8752,36.869],[137.8765,36.8662],[137.8732,36.8635],[137.8684,36.8629],[137.8579,36.8528],[137.8558,36.8492],[137.857,36.8439],[137.8514,36.8378],[137.8452,36.8346],[137.8439,36.8298],[137.8313,36.8191],[137.8323,36.8101],[137.8302,36.8075],[137.8228,36.806],[137.8229,36.8024],[137.82,36.7982],[137.7933,36.7867],[137.7911,36.7784],[137.7848,36.7743],[137.7821,36.773],[137.7758,36.7737],[137.7691,36.7714],[137.7624,36.7662],[137.7634,36.7682],[137.7622,36.7703],[137.7496,36.7798],[137.7516,36.7893],[137.7508,36.7916],[137.754,36.7945],[137.7543,36.7968],[137.7495,36.8042],[137.7493,36.8097],[137.7456,36.8122],[137.7442,36.8159],[137.7322,36.8234],[137.7301,36.8264],[137.7344,36.8312],[137.7326,36.8361],[137.7352,36.8552],[137.7324,36.8579],[137.7341,36.8611],[137.7328,36.8671],[137.7341,36.869],[137.7321,36.8737],[137.7246,36.878],[137.7135,36.8914],[137.7144,36.8991],[137.7126,36.9041],[137.7178,36.9076],[137.7182,36.9137],[137.7163,36.9214],[137.7205,36.9267],[137.7164,36.9325],[137.7137,36.9338],[137.7139,36.9376],[137.7115,36.9404],[137.7113,36.9441],[137.699,36.9423],[137.6877,36.9431],[137.6735,36.9507],[137.6665,36.9502],[137.6663,36.9536],[137.6577,36.9598],[137.6513,36.9692],[137.6377,36.9765],[137.635,36.9798]],[[138.6348,36.4176],[138.6248,36.4157],[138.6212,36.4165],[138.6187,36.4205],[138.613,36.4226],[138.6038,36.422],[138.6004,36.4226],[138.5998,36.4241],[138.5922,36.4244],[138.5869,36.4204],[138.5837,36.4225],[138.5731,36.4192],[138.5641,36.4202],[138.555,36.4178],[138.5403,36.4027],[138.5293,36.403],[138.5166,36.4078],[138.5052,36.4149],[138.4918,36.4131],[138.4888,36.4089],[138.489,36.4009],[138.4781,36.4044],[138.4598,36.4047]],[[138.9439,35.8548],[138.9429,35.8602],[138.9466,35.8645],[138.9451,35.8679],[138.9493,35.869],[138.955,35.8752],[138.9647,35.8775],[138.9678,35.8822],[138.973,35.8821],[138.9789,35.885],[138.9853,35.8812],[138.9888,35.8811],[138.9959,35.8844],[139.0009,35.884],[139.0067,35.8896],[139.0067,35.8934],[139.0103,35.8972],[139.0188,35.8984],[139.024,35.8973],[139.0429,35.8856],[139.0498,35.8788],[139.0581,35.8774],[139.0616,35.8736],[139.0724,35.8716],[139.0751,35.8743],[139.0796,35.8754],[139.0917,35.869],[139.0991,35.8687],[139.1013,35.8657],[139.1027,35.8666],[139.119,35.8643],[139.1354,35.8654],[139.1476,35.8627],[139.1594,35.8571],[139.1634,35.8509],[139.1744,35.8483],[139.1818,35.8438],[139.1928,35.8402],[139.2031,35.8412],[139.2063,35.8459],[139.2128,35.8466],[139.2203,35.8412],[139.2313,35.8366],[139.2389,35.8405],[139.241,35.8402],[139.2428,35.8366],[139.2528,35.8382],[139.2605,35.836],[139.2715,35.8397],[139.2799,35.8392],[139.2803,35.8407],[139.2849,35.836],[139.2909,35.838],[139.2956,35.8338],[139.2968,35.8355],[139.3012,35.835],[139.3025,35.8241],[139.3049,35.8239],[139.3048,35.8224],[139.3127,35.8255],[139.3162,35.8237],[139.315,35.8143],[139.3254,35.7954],[139.3302,35.7944],[139.3326,35.7919],[139.3383,35.7946],[139.3429,35.794],[139.3471,35.7964],[139.3504,35.7933],[139.3699,35.7917],[139.3687,35.7903],[139.3699,35.7876],[139.3678,35.787],[139.3674,35.7846],[139.373,35.7797],[139.3703,35.7783],[139.3755,35.7805],[139.3799,35.7789],[139.38,35.7769],[139.3815,35.7773],[139.3815,35.7743],[139.3789,35.7707],[139.3813,35.7658],[139.3851,35.7652],[139.3917,35.7674],[139.3905,35.7638],[139.3932,35.7634],[139.3985,35.7644],[139.4007,35.7682],[139.4049,35.7692],[139.4198,35.7659],[139.4221,35.7678],[139.4276,35.7664],[139.4361,35.7671],[139.4387,35.7696],[139.4409,35.7669],[139.4447,35.7666],[139.4509,35.7693],[139.4581,35.7693],[139.4592,35.7722],[139.4616,35.7735],[139.4712,35.7734],[139.474,35.7757],[139.4767,35.7753],[139.4753,35.7768],[139.4825,35.7811],[139.4896,35.7791],[139.4902,35.7809],[139.4938,35.7796],[139.4935,35.7817],[139.4958,35.7817],[139.4969,35.7787],[139.4994,35.7822],[139.5067,35.7828],[139.5085,35.7847],[139.5126,35.7854],[139.514,35.7885],[139.5226,35.7892],[139.5231,35.7917],[139.5293,35.7941],[139.5369,35.8039],[139.5417,35.8073],[139.5443,35.8066],[139.5472,35.8028],[139.5448,35.7968],[139.5373,35.7915],[139.5438,35.7882],[139.543,35.7798],[139.534,35.774],[139.5228,35.7719],[139.5164,35.7656],[139.5214,35.7676],[139.5303,35.7683],[139.5477,35.7742],[139.5472,35.7704]],[[138.9439,35.8548],[138.9268,35.8489],[138.9112,35.8528],[138.8984,35.8463],[138.8943,35.8406],[138.892,35.8398],[138.8856,35.8471],[138.8775,35.848],[138.8696,35.8571],[138.8651,35.8592],[138.8589,35.8575],[138.8559,35.8651],[138.8454,35.8674],[138.8344,35.8623],[138.8307,35.863],[138.8304,35.8649],[138.8281,35.8658],[138.8194,35.8652],[138.8136,35.8624],[138.8084,35.87],[138.8019,35.8704],[138.7919,35.8756],[138.7928,35.8819],[138.7908,35.8916],[138.7795,35.8998]],[[138.9439,35.8548],[138.9486,35.8494],[138.9475,35.8427],[138.9531,35.8366],[138.963,35.8293],[138.9698,35.8312],[138.9696,35.8162],[138.9718,35.8145],[138.9722,35.8117],[138.9702,35.8049],[138.9719,35.7988],[138.9772,35.7926],[138.9767,35.7892],[138.9849,35.7856],[138.9864,35.7824],[138.9853,35.7742],[138.9837,35.7722],[138.9844,35.7678],[138.9894,35.7635],[138.9928,35.7576],[138.9924,35.7555],[138.9988,35.7511],[139.0052,35.7505],[139.0149,35.7333],[139.018,35.7311],[139.0225,35.722],[139.0269,35.7181],[139.0348,35.715],[139.039,35.7111],[139.0475,35.7092],[139.0521,35.7048],[139.063,35.7006],[139.0653,35.6978],[139.0707,35.6976],[139.0721,35.6954],[139.082,35.6956],[139.0843,35.6931],[139.0922,35.6905],[139.0989,35.6924],[139.1059,35.691],[139.1233,35.6775],[139.1277,35.6763],[139.131,35.672],[139.1365,35.6725],[139.1472,35.6668],[139.1536,35.666],[139.1616,35.6679],[139.165,35.6653],[139.1684,35.6586],[139.167,35.651],[139.1748,35.65],[139.179,35.6456],[139.1898,35.6465],[139.194,35.6518],[139.1983,35.653],[139.2022,35.653],[139.2075,35.6496],[139.2115,35.6491],[139.2155,35.6461],[139.2153,35.6373],[139.2215,35.6294],[139.2196,35.6259],[139.2259,35.6235],[139.2297,35.619],[139.2299,35.6146],[139.2377,35.6099],[139.2386,35.607],[139.2472,35.6051],[139.2522,35.6017],[139.2575,35.6042],[139.2648,35.6025],[139.2662,35.6081],[139.2853,35.6134],[139.2944,35.6112],[139.2992,35.6062],[139.304,35.6046],[139.3143,35.6043],[139.3146,35.6055],[139.321,35.6065],[139.3304,35.6032],[139.3402,35.6055],[139.3441,35.6026],[139.3583,35.5986],[139.3626,35.5992],[139.3701,35.5945],[139.3744,35.5945],[139.3793,35.5901],[139.383,35.59],[139.3843,35.5876],[139.3887,35.5885],[139.3912,35.5852],[139.3996,35.5845],[139.4014,35.5771],[139.4033,35.5755],[139.4094,35.5749],[139.4128,35.5662],[139.4162,35.5638],[139.4162,35.5619],[139.4222,35.5596],[139.4273,35.5513],[139.4334,35.5463],[139.4363,35.5467],[139.4404,35.5431],[139.4451,35.5421],[139.4492,35.5346],[139.4583,35.528],[139.4548,35.5215],[139.4636,35.5174],[139.4648,35.5109],[139.4683,35.5062],[139.4679,35.5022],[139.476,35.5013],[139.4849,35.504],[139.4811,35.5053],[139.477,35.5115],[139.4834,35.5193],[139.4864,35.5199],[139.4857,35.5223],[139.4876,35.5247],[139.4865,35.5266],[139.4878,35.528],[139.4858,35.5311],[139.4868,35.5356],[139.4845,35.5361],[139.485,35.5381],[139.4816,35.5399],[139.4803,35.5431],[139.4826,35.5484],[139.4819,35.556],[139.4765,35.5626],[139.4746,35.5596],[139.4702,35.5605],[139.4683,35.563],[139.4697,35.5695],[139.4733,35.5739],[139.4733,35.5769],[139.4765,35.582],[139.4779,35.5821],[139.4779,35.5806],[139.4821,35.5816],[139.4851,35.5847],[139.4898,35.5843],[139.4884,35.5785],[139.4861,35.5785],[139.4829,35.5714],[139.4864,35.569],[139.489,35.562],[139.491,35.5614],[139.4947,35.5649],[139.4963,35.5646],[139.4979,35.5678],[139.5008,35.5685],[139.5004,35.5703],[139.5065,35.5716],[139.5076,35.5752],[139.5055,35.5748],[139.4992,35.581],[139.4939,35.5827],[139.4937,35.5891],[139.4918,35.5885],[139.4881,35.5909],[139.4871,35.59],[139.4845,35.5942],[139.4832,35.5934],[139.4839,35.5953],[139.4802,35.5947],[139.4809,35.5956],[139.4796,35.5951],[139.478,35.599],[139.4712,35.6011],[139.4665,35.6067],[139.4659,35.6096],[139.4579,35.6075],[139.4534,35.6045],[139.4529,35.6077],[139.4493,35.6119],[139.453,35.6186],[139.4577,35.6195],[139.4628,35.6251],[139.4655,35.624],[139.4676,35.6206],[139.4755,35.6197],[139.476,35.6132],[139.4797,35.6133],[139.4831,35.6088],[139.4877,35.6079],[139.4894,35.6043],[139.4931,35.6058],[139.4997,35.6054],[139.5,35.6073],[139.4955,35.6127],[139.4947,35.6173],[139.5034,35.6229],[139.5104,35.6233],[139.5161,35.6256],[139.5175,35.6307],[139.5235,35.6323],[139.5209,35.6374],[139.5255,35.6427],[139.5461,35.6374],[139.55,35.6342],[139.5625,35.6324],[139.5661,35.6297],[139.5656,35.6272],[139.5755,35.6223],[139.5833,35.6215],[139.5923,35.6176],[139.5998,35.6185],[139.6053,35.6156],[139.609,35.6165],[139.6156,35.6133],[139.6186,35.6138],[139.6314,35.6071],[139.6507,35.5924],[139.6563,35.5897],[139.6644,35.5896],[139.6691,35.5851],[139.6755,35.568],[139.6788,35.563],[139.69,35.5571],[139.6983,35.556],[139.7037,35.5526],[139.7035,35.5494],[139.6978,35.5438],[139.6988,35.5397],[139.7022,35.537],[139.708,35.5363],[139.7167,35.5378],[139.7266,35.5436],[139.7343,35.5409],[139.7396,35.5452],[139.7468,35.5438],[139.7569,35.5445],[139.7765,35.5345]],[[138.729,35.9092],[138.7217,35.9079],[138.7081,35.9098],[138.7059,35.9061],[138.7002,35.9032],[138.6971,35.8992],[138.6934,35.8993],[138.6919,35.8958],[138.6858,35.8939],[138.6827,35.8815],[138.6762,35.8698],[138.6691,35.8714],[138.6657,35.8739],[138.6603,35.8738],[138.6575,35.8759],[138.6497,35.8735],[138.6425,35.8748],[138.6343,35.8701],[138.6282,35.8734],[138.6216,35.8704],[138.611,35.8735],[138.6067,35.8785],[138.605,35.8939],[138.6077,35.896],[138.6071,35.8995],[138.6123,35.9092],[138.6076,35.9082],[138.6025,35.9098],[138.6008,35.9136],[138.5911,35.9198],[138.5894,35.9179],[138.581,35.9171],[138.5792,35.913],[138.5764,35.9114],[138.5721,35.9122],[138.5645,35.9173],[138.5562,35.9163],[138.5571,35.9177],[138.5557,35.9191],[138.5403,35.9137],[138.5313,35.9157],[138.5291,35.9145],[138.5217,35.9187],[138.5129,35.92],[138.5104,35.9223],[138.5055,35.9187],[138.5028,35.9122],[138.4946,35.9112],[138.4956,35.9037],[138.4904,35.8966],[138.4877,35.8962],[138.4821,35.8988],[138.4715,35.8962],[138.4603,35.9036],[138.4569,35.9033],[138.4546,35.8998],[138.4541,35.9036],[138.4489,35.9131],[138.4443,35.9179],[138.4455,35.9195],[138.4444,35.9222],[138.4484,35.925],[138.4475,35.9292],[138.4517,35.9331],[138.4544,35.9385],[138.4506,35.9454],[138.4464,35.9475],[138.4446,35.9503],[138.4239,35.9591],[138.414,35.9594],[138.4081,35.9626],[138.3907,35.9663],[138.3813,35.9715],[138.3729,35.9717],[138.3705,35.9714],[138.3694,35.9672],[138.3618,35.9625],[138.3616,35.9584],[138.3597,35.9558],[138.3599,35.9507],[138.357,35.9509],[138.3525,35.9483],[138.345,35.9413],[138.3457,35.9344],[138.3427,35.9269],[138.333,35.9171],[138.3265,35.9033],[138.307,35.8868],[138.2994,35.875]],[[139.8938,35.7827],[139.8938,35.7787],[139.8818,35.7729],[139.8797,35.7668],[139.884,35.7574],[139.8917,35.749],[139.8995,35.7444],[139.901,35.7382],[139.8979,35.7319],[139.8977,35.725],[139.9048,35.7189],[139.9083,35.7137],[139.9162,35.708],[139.9189,35.6983],[139.9072,35.6844],[139.8869,35.6793],[139.8855,35.6728],[139.8874,35.6679],[139.8869,35.6537],[139.8835,35.6451],[139.8715,35.6386]],[[139.3809,35.5903],[139.3809,35.5903]],[[139.1313,35.672],[139.1301,35.6677],[139.1265,35.6667],[139.1198,35.6604],[139.1197,35.6566],[139.1172,35.6547],[139.1276,35.6411],[139.1236,35.6341],[139.1235,35.6239],[139.1262,35.6233],[139.1255,35.6219],[139.1302,35.6192],[139.13,35.6176],[139.1325,35.6182],[139.1344,35.6167],[139.1278,35.6129],[139.1332,35.6069],[139.1294,35.5947],[139.125,35.593],[139.1214,35.587],[139.1222,35.5841],[139.126,35.583],[139.1241,35.5819],[139.1278,35.581],[139.127,35.5717],[139.1299,35.5664],[139.1284,35.5626],[139.1238,35.558],[139.1152,35.5537],[139.112,35.5498],[139.1134,35.5477],[139.1117,35.5451],[139.1119,35.54],[139.114,35.5386],[139.1122,35.5351],[139.1102,35.5346],[139.1101,35.5322],[139.107,35.5326],[139.1039,35.5267],[139.0909,35.5192],[139.0858,35.5121],[139.0802,35.5127],[139.0745,35.5099],[139.0687,35.511],[139.0603,35.5075],[139.0533,35.5088],[139.0516,35.5106],[139.046,35.5097],[139.0437,35.4989],[139.0372,35.491],[139.0306,35.4887],[139.0273,35.4809],[139.024,35.4811],[139.021,35.4788],[139.0149,35.4799],[139.0079,35.4745],[138.9983,35.4751],[138.9958,35.4737],[138.989,35.4737],[138.9788,35.4637],[138.9767,35.4661],[138.9735,35.4665],[138.9692,35.4635],[138.9635,35.4625]],[[138.9164,35.4006],[138.9313,35.4011],[138.9433,35.3992],[138.9512,35.4017],[138.9666,35.4019],[138.9691,35.4048],[138.9724,35.4052],[138.9814,35.4043],[138.9845,35.4017],[138.9953,35.4033],[139.0013,35.3999],[139.001,35.3919],[138.9986,35.384],[139.0059,35.3754],[139.0045,35.3737],[139.0075,35.3645],[139.0068,35.3614],[139.0088,35.359],[139.0105,35.3599],[139.0134,35.3587],[139.0083,35.3513],[139.0086,35.3471],[139.0111,35.3433],[139.0105,35.3385],[139.019,35.3291],[139.0165,35.3224],[139.0127,35.3197],[139.0128,35.3173],[139.0096,35.3136],[139.0107,35.3106],[139.0046,35.2899],[138.9964,35.288],[138.9853,35.2778],[138.9822,35.2733],[138.9819,35.2701],[138.9755,35.2638],[138.9744,35.2479],[138.9764,35.2444],[138.9761,35.2417],[138.9787,35.2394],[138.976,35.2357],[138.9795,35.2332],[138.9791,35.229],[138.9836,35.2228],[138.9821,35.2179],[138.9884,35.2113],[138.9864,35.2056],[138.9876,35.201],[138.9931,35.1988],[139.0027,35.188],[139.0093,35.1832],[139.0216,35.182],[139.0214,35.1799],[139.0264,35.1756],[139.0265,35.1723],[139.0291,35.1703],[139.0276,35.1671],[139.0294,35.1648],[139.0263,35.1603],[139.0306,35.1587],[139.0312,35.157],[139.0284,35.1549],[139.0293,35.15],[139.0484,35.1497],[139.0519,35.147],[139.0595,35.1472],[139.0658,35.1441],[139.0758,35.145],[139.0833,35.1412],[139.0897,35.1402],[139.1116,35.1414]],[[138.9164,35.4006],[138.9158,35.4055],[138.9182,35.4115],[138.925,35.4146],[138.9267,35.42],[138.9302,35.4209],[138.9307,35.4261],[138.9262,35.4324],[138.9282,35.4389],[138.9368,35.4463],[138.9374,35.4489],[138.9405,35.4495],[138.9547,35.46],[138.9626,35.4623]],[[138.9164,35.4006],[138.9109,35.3977],[138.9031,35.3964],[138.8983,35.3918],[138.8928,35.3905],[138.8884,35.3871]],[[137.7624,36.7662],[137.7518,36.7516],[137.7556,36.7458],[137.7552,36.743],[137.7593,36.7406],[137.7541,36.7333],[137.755,36.7292],[137.7508,36.7268],[137.7527,36.7168],[137.75,36.7047],[137.7511,36.7005],[137.7553,36.6985],[137.7567,36.6956],[137.7536,36.6915],[137.7542,36.6875],[137.7598,36.6859],[137.7585,36.676],[137.761,36.6702],[137.76,36.6683],[137.7619,36.666],[137.7583,36.66],[137.7535,36.6578],[137.7565,36.6521],[137.7563,36.6469],[137.7539,36.6414],[137.7546,36.6391],[137.7525,36.6349],[137.7534,36.6337],[137.7518,36.6271],[137.7468,36.6246]],[[137.5873,36.3898],[137.5924,36.3897],[137.5938,36.3935],[137.5971,36.3947],[137.6007,36.3995],[137.6054,36.4025],[137.6038,36.4107],[137.6074,36.413],[137.6092,36.4179],[137.6082,36.4195],[137.6178,36.4187],[137.6233,36.424],[137.6333,36.425],[137.6365,36.4284],[137.6399,36.4458],[137.6432,36.4487],[137.6453,36.4545],[137.6495,36.4548],[137.6518,36.4583],[137.6554,36.4592],[137.6547,36.4644],[137.6567,36.4702],[137.6531,36.4778],[137.6509,36.4794],[137.6519,36.488],[137.6576,36.4931],[137.6668,36.4938],[137.6669,36.5062],[137.6687,36.5095],[137.6756,36.5114],[137.6773,36.5144],[137.6831,36.5127],[137.6898,36.5138],[137.6943,36.5107],[137.697,36.5146],[137.7055,36.5179],[137.7027,36.5245],[137.7106,36.5357],[137.6972,36.5377],[137.6873,36.5362],[137.6846,36.5378],[137.685,36.5444],[137.6895,36.5536],[137.6877,36.5621],[137.6939,36.5691],[137.6986,36.5696],[137.7133,36.5771],[137.7243,36.5865],[137.7336,36.5881],[137.7476,36.5868],[137.7509,36.5883],[137.7529,36.5948],[137.7439,36.6127],[137.7467,36.6245]],[[137.5873,36.3898],[137.5767,36.393],[137.5733,36.3924],[137.5712,36.389],[137.5594,36.3875],[137.5409,36.3914],[137.536,36.3975],[137.5324,36.3993],[137.5309,36.4027],[137.5206,36.4059],[137.515,36.4113],[137.5151,36.4139],[137.5124,36.4176],[137.5123,36.4222],[137.5104,36.4243],[137.4977,36.4262],[137.4911,36.4235],[137.474,36.4254],[137.4692,36.4181]],[[137.5873,36.3898],[137.5861,36.3767],[137.5871,36.372],[137.5941,36.3687],[137.6001,36.3702],[137.6077,36.3668],[137.618,36.3651],[137.6247,36.3544],[137.6355,36.3425],[137.6454,36.3417],[137.6464,36.3301],[137.6507,36.3274],[137.6524,36.322],[137.6506,36.3208],[137.6514,36.3171],[137.6497,36.3155],[137.6488,36.3091],[137.6531,36.3047],[137.6469,36.2965],[137.6477,36.2889],[137.629,36.2786],[137.6263,36.272],[137.6207,36.2665],[137.6147,36.2648],[137.6128,36.2577],[137.607,36.2531],[137.6059,36.2488],[137.5964,36.243],[137.5955,36.2371],[137.5913,36.2344],[137.5897,36.2286],[137.5879,36.227],[137.5831,36.2268],[137.5845,36.2229],[137.5828,36.2202],[137.5776,36.2191],[137.575,36.2203],[137.573,36.2184],[137.5761,36.2143],[137.5734,36.2104],[137.5786,36.1975],[137.5909,36.191],[137.5947,36.1916],[137.5947,36.1894],[137.5909,36.1859],[137.5924,36.1828],[137.5912,36.1781],[137.5951,36.172],[137.5919,36.1693],[137.5912,36.1641],[137.5703,36.1555],[137.5679,36.1536],[137.5675,36.1472],[137.5597,36.1445],[137.5582,36.1416],[137.5547,36.1402],[137.5562,36.1344],[137.5606,36.1302],[137.5569,36.1216],[137.5573,36.1184],[137.552,36.1167],[137.5506,36.1106],[137.5558,36.1048],[137.5617,36.1021],[137.5632,36.0982],[137.5678,36.0969],[137.5723,36.0886],[137.578,36.0851],[137.5826,36.0854],[137.5928,36.0809],[137.5968,36.0758],[137.6083,36.078],[137.613,36.0772],[137.614,36.0764],[137.6115,36.0732],[137.6109,36.0673],[137.6148,36.0621],[137.6137,36.0596],[137.6069,36.0557],[137.6054,36.0487],[137.6011,36.0467],[137.598,36.0428],[137.6002,36.0284],[137.594,36.0145],[137.5948,36.0129],[137.5903,36.0065],[137.579,35.9996]],[[137.469,36.4175],[137.4608,36.4122],[137.4494,36.4168],[137.4454,36.4129],[137.4399,36.4159],[137.436,36.4204],[137.4318,36.4214],[137.4272,36.4202],[137.426,36.4224],[137.4207,36.4228],[137.4172,36.4256],[137.4102,36.4246],[137.4041,36.4269],[137.3952,36.4364],[137.3947,36.4483],[137.3962,36.4505],[137.3948,36.4559],[137.3901,36.4599],[137.3889,36.4571],[137.3798,36.455],[137.378,36.4527],[137.3703,36.4536],[137.3663,36.4508],[137.3615,36.4501],[137.3577,36.4432],[137.3594,36.4398],[137.3586,36.4368],[137.3513,36.4347],[137.3512,36.4329],[137.3465,36.4345],[137.3445,36.433],[137.3384,36.4339],[137.3347,36.4299],[137.3309,36.4308],[137.319,36.4244],[137.3129,36.4253],[137.305,36.4358],[137.3088,36.44],[137.3139,36.4417],[137.312,36.4449],[137.3138,36.4468],[137.3133,36.4489],[137.3178,36.4512],[137.3164,36.4575],[137.3173,36.4604],[137.3085,36.4638],[137.301,36.4615],[137.2985,36.4582],[137.2854,36.4614],[137.2824,36.4644],[137.2785,36.465],[137.2639,36.4584],[137.2628,36.4554],[137.2564,36.4511],[137.2521,36.4562],[137.2519,36.4585],[137.2476,36.462],[137.2424,36.4577],[137.2399,36.4523],[137.2321,36.4445],[137.2224,36.4437],[137.219,36.439],[137.2137,36.4387],[137.214,36.4307],[137.2089,36.4317],[137.206,36.4276],[137.2049,36.4368],[137.1998,36.4415],[137.1983,36.446],[137.1931,36.448],[137.1943,36.4531],[137.1917,36.4552],[137.1801,36.4523],[137.178,36.4542],[137.1748,36.4501],[137.1712,36.4547],[137.1676,36.4555],[137.1641,36.4543],[137.1596,36.4564],[137.1549,36.4491],[137.145,36.4461],[137.1427,36.4439],[137.1434,36.4385],[137.137,36.4378],[137.1322,36.4345],[137.13,36.428],[137.1276,36.4239],[137.1242,36.4221],[137.1223,36.4174],[137.1205,36.4166],[137.1173,36.4186],[137.1161,36.4161],[137.1115,36.4154],[137.1081,36.41],[137.1093,36.4074],[137.1045,36.4046],[137.1019,36.3992],[137.0955,36.3993],[137.0919,36.3965],[137.0951,36.3917],[137.0949,36.384],[137.0893,36.3827],[137.0787,36.3843],[137.0659,36.3752],[137.0594,36.3734],[137.0584,36.3682],[137.0622,36.3661],[137.0565,36.3549],[137.0502,36.3496],[137.0489,36.3455],[137.0587,36.3425],[137.0525,36.3385],[137.0514,36.328],[137.0454,36.3247],[137.0439,36.3219],[137.0376,36.3174],[137.0243,36.3167],[137.0197,36.3183],[137.0182,36.3113],[137.0213,36.3092],[137.0145,36.3042],[137.0143,36.3011],[137.0108,36.298],[137.0108,36.295],[137.0126,36.2931],[137.0079,36.2922],[137.0077,36.2895],[137.0027,36.2869],[136.9973,36.286],[136.9943,36.2877],[136.9862,36.2863],[136.9866,36.2826],[136.9802,36.2793],[136.9754,36.2744],[136.9709,36.2777],[136.9679,36.2752],[136.9663,36.2778],[136.9577,36.2779],[136.9586,36.2823],[136.9616,36.2846],[136.9605,36.2878],[136.9655,36.2922],[136.9655,36.2953],[136.9678,36.2962],[136.9688,36.305],[136.9733,36.3099],[136.971,36.3157],[136.9641,36.3188],[136.9614,36.3229],[136.9603,36.3255],[136.9615,36.3275],[136.9549,36.3394],[136.9511,36.3392],[136.947,36.3457],[136.9394,36.3493],[136.9328,36.3483],[136.9251,36.3541],[136.9112,36.3583],[136.9075,36.3608],[136.9031,36.3557],[136.8971,36.3533],[136.8969,36.3513],[136.8902,36.3456],[136.887,36.3454],[136.8823,36.3419],[136.8788,36.3449],[136.8748,36.3428],[136.8746,36.3451],[136.8766,36.3471],[136.8758,36.35],[136.8697,36.3497],[136.8704,36.3531],[136.8735,36.3533],[136.8763,36.3576],[136.8762,36.3605],[136.8728,36.3616],[136.8738,36.3647],[136.8714,36.3675],[136.8681,36.3656],[136.868,36.3606],[136.8642,36.3555],[136.8661,36.3514],[136.8652,36.3497],[136.8556,36.3498],[136.8549,36.3475],[136.8518,36.3474],[136.844,36.3511],[136.8372,36.3473],[136.8373,36.3432],[136.8425,36.3327],[136.8363,36.3197],[136.8325,36.3154],[136.8304,36.3077],[136.8324,36.3068],[136.8275,36.3048],[136.8262,36.3025],[136.8094,36.3025],[136.8042,36.3062],[136.7954,36.3027],[136.7923,36.2992],[136.7884,36.3121],[136.7906,36.3159],[136.7892,36.3198],[136.7905,36.3219],[136.7891,36.3249],[136.7837,36.3292],[136.7869,36.3333],[136.7847,36.3438],[136.7875,36.3485],[136.7933,36.3485],[136.7965,36.3519],[136.8059,36.3553],[136.8082,36.3587],[136.8067,36.3633],[136.8001,36.3703],[136.8005,36.3806],[136.7986,36.3839],[136.7965,36.3844],[136.7979,36.3862],[136.7972,36.393],[136.7952,36.3945],[136.7951,36.4013],[136.7789,36.4144],[136.7712,36.414],[136.7699,36.4167]],[[137.0517,36.9592],[137.0377,36.9671],[137.0272,36.9624],[137.0215,36.9639],[137.0051,36.9611],[136.9996,36.9635],[136.9963,36.967],[136.9869,36.9673],[136.9841,36.9635],[136.9842,36.9576],[136.9824,36.9527],[136.9734,36.9442],[136.9717,36.9471],[136.9633,36.9487],[136.9538,36.9561],[136.9473,36.9552],[136.9359,36.9499],[136.931,36.9506],[136.9309,36.9488],[136.9273,36.9474],[136.9273,36.944],[136.9233,36.9409],[136.923,36.9377],[136.9194,36.9375],[136.9156,36.9308],[136.9083,36.9292],[136.9058,36.9265],[136.8956,36.9247],[136.893,36.919],[136.8876,36.9169],[136.8877,36.9149],[136.8791,36.9065],[136.8779,36.8995],[136.879,36.8927],[136.8814,36.8883],[136.8856,36.8852],[136.8821,36.8821],[136.8831,36.8771],[136.8773,36.8686],[136.8726,36.8668],[136.8712,36.8627],[136.8624,36.8603],[136.8636,36.8572],[136.8611,36.8546],[136.8672,36.8509],[136.862,36.8479],[136.8633,36.8428],[136.8622,36.8415],[136.8564,36.8398],[136.8564,36.8366],[136.86,36.8291],[136.8542,36.8212],[136.8549,36.8182],[136.8518,36.8169],[136.848,36.8099],[136.85,36.8082],[136.8504,36.8018],[136.8541,36.795],[136.8509,36.787],[136.8431,36.7823],[136.8457,36.778],[136.8488,36.7762],[136.8491,36.7732],[136.8526,36.7707],[136.8492,36.7592],[136.8451,36.7557],[136.8447,36.7529],[136.8393,36.7452],[136.832,36.7418],[136.8252,36.7421],[136.822,36.7403],[136.8199,36.7306],[136.8083,36.7301],[136.8069,36.7282],[136.7961,36.7296],[136.7938,36.727],[136.7931,36.7206],[136.7892,36.719],[136.7987,36.7099],[136.8039,36.7085],[136.8068,36.7051],[136.8129,36.7033],[136.8156,36.7005],[136.8115,36.6942],[136.8123,36.6918],[136.81,36.6866],[136.8113,36.6848],[136.8176,36.6854],[136.8226,36.681],[136.8206,36.6747],[136.8229,36.6737],[136.8238,36.6697],[136.8186,36.6676],[136.8159,36.6637],[136.8164,36.6617],[136.8103,36.658],[136.8072,36.6531],[136.8095,36.6514],[136.8071,36.6475],[136.8032,36.6478],[136.8003,36.6462],[136.8,36.6365],[136.7974,36.6355],[136.7949,36.6315],[136.7848,36.6285],[136.7847,36.6192],[136.7831,36.6168],[136.7858,36.6135],[136.7861,36.6088],[136.7909,36.6039],[136.7885,36.6021],[136.7894,36.5973],[136.7883,36.593],[136.7942,36.5899],[136.7953,36.5851],[136.7931,36.5803],[136.794,36.5756],[136.7911,36.5694],[136.7928,36.5683],[136.7995,36.5699],[136.8026,36.5687],[136.8078,36.5621],[136.8118,36.5606],[136.8172,36.5521],[136.8167,36.5481],[136.8126,36.5407],[136.8128,36.5379],[136.804,36.5225],[136.7998,36.521],[136.7994,36.5154],[136.7948,36.5093],[136.7971,36.5017],[136.796,36.4977],[136.794,36.4969],[136.7989,36.4903],[136.8026,36.4903],[136.8028,36.4849],[136.8,36.4832],[136.7953,36.4736],[136.7983,36.4684],[136.7949,36.4638],[136.7984,36.4616],[136.7882,36.4527],[136.7901,36.4474],[136.7967,36.4446],[136.7868,36.4394],[136.7782,36.4309],[136.7743,36.4328],[136.7696,36.4309],[136.7684,36.4234],[136.7713,36.4227],[136.7716,36.4207],[136.7701,36.417]],[[136.7923,36.2992],[136.7955,36.2925],[136.8009,36.2903],[136.8057,36.2847],[136.806,36.2758],[136.8144,36.2703],[136.8146,36.2664],[136.8337,36.2658],[136.8364,36.2616],[136.8446,36.2589],[136.8447,36.2542],[136.8508,36.2517],[136.8518,36.247],[136.8474,36.2458],[136.8439,36.2368],[136.8397,36.2327],[136.8404,36.2314],[136.8323,36.2236],[136.8317,36.2177],[136.821,36.2107],[136.8196,36.2062],[136.8226,36.2015],[136.8212,36.2002],[136.8179,36.2009],[136.8112,36.1966],[136.8057,36.1892],[136.802,36.187],[136.7994,36.1813],[136.8003,36.1778],[136.7983,36.1725],[136.7911,36.1699],[136.7862,36.1661],[136.7777,36.1665],[136.7664,36.1626],[136.7662,36.1603],[136.7735,36.1573],[136.7718,36.155],[136.7737,36.1507],[136.7765,36.1489],[136.7758,36.1439],[136.7808,36.1417],[136.78,36.1342],[136.7773,36.1314],[136.7786,36.1294],[136.7724,36.1262],[136.7706,36.1232],[136.7696,36.1182],[136.7706,36.1159],[136.7653,36.1058],[136.7562,36.0992],[136.7564,36.0947],[136.754,36.0904],[136.7546,36.0866],[136.745,36.085],[136.7375,36.0802],[136.725,36.0823],[136.7114,36.0812],[136.7,36.0742],[136.6954,36.0744],[136.6923,36.0717],[136.6894,36.0733],[136.6808,36.0713],[136.6742,36.0672],[136.6707,36.0694],[136.6686,36.0678],[136.659,36.0689],[136.6577,36.0746],[136.655,36.0774],[136.6572,36.0835],[136.6534,36.0864],[136.6511,36.0924],[136.6421,36.0981],[136.6325,36.0993],[136.6226,36.1063],[136.615,36.1081],[136.6114,36.1128],[136.6128,36.1143],[136.6123,36.1168],[136.6044,36.1222],[136.6025,36.1289],[136.596,36.132],[136.5905,36.1312],[136.5874,36.1326],[136.5849,36.1359],[136.5805,36.1368],[136.5764,36.1422],[136.563,36.1447],[136.5598,36.1532],[136.5552,36.1529],[136.5519,36.1549],[136.5462,36.1528],[136.5414,36.1537],[136.5314,36.1473],[136.5299,36.1489],[136.5267,36.1481],[136.5215,36.1514],[136.5107,36.1461],[136.5057,36.1466],[136.5034,36.1496],[136.4967,36.1498],[136.4918,36.1582],[136.4878,36.1591],[136.4774,36.1518],[136.4741,36.1466],[136.4703,36.1457],[136.4642,36.1376],[136.4565,36.1363],[136.4485,36.1407],[136.4407,36.1372],[136.4383,36.1421],[136.4317,36.1435],[136.4277,36.1474],[136.4242,36.1546],[136.4142,36.1567],[136.4114,36.1605],[136.4133,36.167],[136.4093,36.1722],[136.4051,36.1703],[136.3968,36.1704],[136.3902,36.1674],[136.3692,36.1699],[136.3657,36.1661],[136.358,36.1651],[136.3549,36.169],[136.3441,36.173],[136.3356,36.1851],[136.3369,36.1888],[136.3361,36.1943],[136.3328,36.1957],[136.3279,36.2087],[136.3314,36.2172],[136.329,36.2244],[136.3323,36.2298],[136.3285,36.2304],[136.3268,36.2323],[136.3229,36.2317],[136.317,36.2347],[136.3154,36.238],[136.3176,36.2408],[136.3153,36.2459],[136.3084,36.2468],[136.3032,36.2529],[136.3033,36.2559],[136.3012,36.2582],[136.2988,36.2579],[136.2939,36.261],[136.2855,36.2617],[136.2828,36.2659],[136.2804,36.2644],[136.2756,36.2662],[136.2668,36.2651],[136.2659,36.266],[136.2684,36.2699],[136.2631,36.269],[136.264,36.2714],[136.2614,36.2732],[136.2641,36.2749],[136.2619,36.2762],[136.2642,36.2783],[136.2624,36.2796],[136.2598,36.2779],[136.2562,36.2799],[136.2568,36.2867],[136.2586,36.2893],[136.2492,36.2918],[136.2439,36.2953]],[[136.7543,36.0863],[136.764,36.0744],[136.765,36.0694],[136.7641,36.0676],[136.7545,36.0647],[136.7511,36.0614],[136.7446,36.0601],[136.7422,36.0572],[136.74,36.0569],[136.7398,36.0535],[136.7328,36.0489],[136.7355,36.0478],[136.7359,36.0441],[136.7347,36.0423],[136.7357,36.0323],[136.733,36.0264],[136.7344,36.021],[136.731,36.0181],[136.7324,36.013],[136.7289,36.0094],[136.7294,36.0015],[136.7267,35.9959],[136.7497,35.9909],[136.7523,35.9886],[136.7536,35.9684],[136.7505,35.967],[136.7488,35.9636],[136.7499,35.9594],[136.7529,35.9565],[136.7667,35.9528],[136.7704,35.9504],[136.777,35.9512],[136.7888,35.9488],[136.7934,35.9458],[136.7934,35.9409],[136.7869,35.9336],[136.7839,35.9257],[136.7881,35.9215],[136.7993,35.9205],[136.7991,35.9184],[136.8058,35.9129],[136.8117,35.9126],[136.8137,35.9109],[136.8145,35.9072],[136.8165,35.9057],[136.8158,35.9027],[136.821,35.8988],[136.8238,35.8928],[136.8222,35.8847],[136.819,35.8817],[136.8261,35.8745],[136.8257,35.8703],[136.8301,35.8658],[136.8323,35.8596],[136.8311,35.8518],[136.8251,35.8454],[136.8154,35.8425],[136.8022,35.844],[136.7994,35.8313],[136.7971,35.8281],[136.7986,35.8251],[136.7985,35.8177],[136.7954,35.8111],[136.7958,35.8088],[136.7927,35.8069],[136.7893,35.7994],[136.7834,35.7981],[136.7823,35.7994],[136.776,35.7988],[136.774,35.8002],[136.7744,35.8067],[136.7639,35.8106],[136.755,35.8095],[136.7411,35.8011],[136.7324,35.8066],[136.7234,35.8082],[136.7206,35.8002],[136.71,35.792],[136.7054,35.7913],[136.7007,35.794],[136.6971,35.7941],[136.69,35.7893],[136.6833,35.7895],[136.677,35.7933],[136.6748,35.7911],[136.672,35.7913],[136.6661,35.7851],[136.6577,35.7835],[136.6537,35.7874],[136.6529,35.798],[136.645,35.8068],[136.6408,35.8035],[136.6379,35.7973],[136.6305,35.7956],[136.6266,35.7968],[136.6276,35.7908],[136.6221,35.7868],[136.6153,35.7893],[136.6112,35.7889],[136.6095,35.7923],[136.6036,35.7942],[136.6032,35.7963],[136.5995,35.7986],[136.5952,35.7953],[136.5895,35.7953],[136.5851,35.7893],[136.586,35.7843],[136.5758,35.781],[136.5707,35.7774],[136.5658,35.7797],[136.5616,35.7787],[136.5558,35.781],[136.5507,35.7811],[136.5443,35.7789],[136.5364,35.781],[136.5228,35.7882],[136.5183,35.7791],[136.5132,35.7752],[136.512,35.7716],[136.5139,35.7669],[136.5137,35.7622],[136.5119,35.7586],[136.5083,35.7572],[136.5062,35.7503],[136.5036,35.7507],[136.5006,35.7541],[136.497,35.761],[136.4965,35.7655],[136.4853,35.7737],[136.4857,35.7765],[136.4812,35.7739],[136.4726,35.7727],[136.4676,35.7732],[136.4618,35.7786],[136.4589,35.7791],[136.4458,35.7729],[136.4412,35.7752],[136.4307,35.775],[136.419,35.7823],[136.4147,35.7826],[136.4092,35.7799],[136.408,35.7821],[136.4037,35.7839],[136.4004,35.7893],[136.3895,35.788],[136.389,35.7918],[136.3764,35.7951],[136.3643,35.7882],[136.3571,35.7868],[136.356,35.7844],[136.3483,35.7799],[136.3465,35.776],[136.3366,35.7747],[136.3358,35.7763],[136.3333,35.7765],[136.3279,35.7751],[136.3239,35.7692],[136.3247,35.7671],[136.3216,35.7651],[136.3222,35.7613],[136.3184,35.7511],[136.3198,35.7475],[136.3252,35.7436],[136.324,35.7405],[136.327,35.7314],[136.3253,35.7264],[136.3204,35.7225],[136.324,35.7167],[136.3118,35.712],[136.3104,35.7107],[136.3109,35.7059],[136.3095,35.7035],[136.3066,35.7011],[136.3047,35.7015],[136.2978,35.6918],[136.2919,35.6907],[136.2908,35.6877],[136.292,35.6839],[136.2989,35.6777],[136.2888,35.6714],[136.2907,35.6662],[136.2844,35.6634],[136.2807,35.6586],[136.2805,35.6613],[136.2716,35.6656],[136.2698,35.6685],[136.2623,35.6716],[136.2576,35.6712],[136.2506,35.6763],[136.2446,35.6738],[136.2344,35.6825],[136.2259,35.6805],[136.2169,35.6846],[136.2126,35.6817],[136.2082,35.6877],[136.2042,35.6868],[136.201,35.6899],[136.1983,35.6897],[136.1949,35.6981],[136.1911,35.7025],[136.1833,35.7036],[136.1808,35.7015],[136.1744,35.7037],[136.1704,35.7014],[136.1679,35.7034],[136.1648,35.6963],[136.1618,35.6964],[136.1568,35.7004],[136.1503,35.6977],[136.1504,35.6913],[136.1489,35.6884],[136.1463,35.687],[136.1425,35.6792],[136.1396,35.678],[136.1345,35.6692],[136.1364,35.6657],[136.1481,35.6624],[136.1502,35.6594],[136.1513,35.6555],[136.1501,35.6545],[136.1525,35.6507],[136.1512,35.649],[136.1543,35.6462],[136.1541,35.6438],[136.1573,35.6413],[136.1583,35.6357],[136.1599,35.6348],[136.1586,35.6299],[136.1598,35.6254],[136.1671,35.6183],[136.1768,35.5984],[136.1775,35.595],[136.1664,35.5825],[136.1707,35.5756],[136.1692,35.5655],[136.167,35.5653],[136.1624,35.5715],[136.1503,35.5729],[136.1496,35.5714],[136.1473,35.5721],[136.1451,35.5705],[136.1389,35.5757],[136.1326,35.5745],[136.1192,35.5768],[136.1168,35.5788],[136.1169,35.5817],[136.1138,35.5829],[136.1122,35.58],[136.1129,35.5738],[136.1101,35.5692],[136.1079,35.5683],[136.1107,35.5633],[136.1105,35.5599],[136.1054,35.5556],[136.1091,35.5497],[136.1079,35.5469],[136.1094,35.5451],[136.108,35.5401],[136.1059,35.5383],[136.1064,35.5289],[136.0936,35.5373],[136.0832,35.5406],[136.0807,35.5392],[136.0794,35.5357],[136.0769,35.5348],[136.0771,35.5306],[136.0692,35.5262],[136.0624,35.5281],[136.0607,35.5319],[136.0486,35.5345],[136.0464,35.5302],[136.0409,35.5322],[136.0265,35.5295],[136.0261,35.527],[136.0289,35.5236],[136.0234,35.5199],[136.0203,35.512],[136.0151,35.5116],[136.0151,35.5087],[136.0117,35.5048],[136.0107,35.4997],[136.0117,35.4976],[136.0089,35.4938],[136.0043,35.491],[135.9895,35.4927],[135.9815,35.4865],[135.9726,35.5002],[135.9672,35.503],[135.9626,35.5013],[135.9576,35.506],[135.9524,35.5062],[135.9517,35.5116],[135.9471,35.5204],[135.9396,35.5205],[135.938,35.5112],[135.93,35.4923],[135.9244,35.4896],[135.9223,35.4859],[135.9237,35.4813],[135.9217,35.476],[135.9159,35.4709],[135.9174,35.4671],[135.9149,35.4594],[135.9156,35.4557],[135.9138,35.4502],[135.9098,35.4472],[135.9132,35.4451],[135.9123,35.441],[135.9146,35.438],[135.9142,35.4321],[135.9081,35.4295],[135.9025,35.4293],[135.901,35.4258],[135.8931,35.42],[135.8936,35.4109],[135.8906,35.4032],[135.8645,35.3944],[135.8602,35.3954],[135.8543,35.4008],[135.8556,35.409],[135.8532,35.4115],[135.8461,35.4113],[135.8391,35.4144],[135.8366,35.412],[135.832,35.4122],[135.8267,35.4147],[135.8192,35.4125],[135.8137,35.4133],[135.8106,35.4091],[135.8101,35.4004],[135.808,35.3944],[135.8102,35.3917],[135.8074,35.3852],[135.7991,35.3849],[135.7952,35.3874],[135.7909,35.3866],[135.792,35.3814],[135.7909,35.379],[135.7845,35.3775],[135.779,35.3734],[135.7798,35.3717],[135.7778,35.366],[135.7743,35.365],[135.7699,35.3598],[135.7688,35.356],[135.7631,35.3563],[135.7595,35.3531],[135.7451,35.3589],[135.7402,35.3584],[135.7408,35.354],[135.7364,35.3511],[135.7316,35.3506],[135.7278,35.3526],[135.724,35.3518],[135.7184,35.3554],[135.7167,35.3535],[135.7133,35.3536],[135.7107,35.348],[135.7049,35.3466],[135.701,35.3437],[135.6924,35.3459],[135.69,35.3479],[135.6849,35.3474],[135.6809,35.3499],[135.6753,35.3502],[135.6737,35.3533],[135.6704,35.354]],[[136.2807,35.6586],[136.2762,35.6531],[136.2815,35.6477],[136.2831,35.6437],[136.2791,35.637],[136.2873,35.6281],[136.2887,35.6205],[136.2984,35.6175],[136.3053,35.62],[136.3065,35.6223],[136.3158,35.6234],[136.3162,35.6217],[136.3189,35.6212],[136.3237,35.6165],[136.3205,35.6106],[136.315,35.6061],[136.3204,35.6014],[136.3214,35.5941],[136.3228,35.593],[136.3222,35.5879],[136.3244,35.5846],[136.3221,35.5812],[136.3228,35.5698],[136.3189,35.5656],[136.3162,35.5569],[136.3175,35.5474],[136.3223,35.5443],[136.3256,35.5458],[136.3262,35.5496],[136.3298,35.551],[136.3373,35.5503],[136.3414,35.5427],[136.3395,35.5404],[136.3409,35.5373],[136.346,35.5361],[136.3482,35.5382],[136.3497,35.5374],[136.3567,35.5399],[136.3591,35.5488],[136.3622,35.5537],[136.3626,35.5587],[136.3724,35.5598],[136.3741,35.5585],[136.3758,35.5512],[136.3803,35.5461],[136.381,35.5377],[136.3841,35.5333],[136.3954,35.5312],[136.3976,35.532],[136.4004,35.5301],[136.3998,35.5273],[136.4018,35.5256],[136.399,35.5215],[136.4025,35.519],[136.4057,35.5135],[136.4036,35.5114],[136.4,35.5136],[136.4006,35.5117],[136.3939,35.5061],[136.3878,35.4968],[136.3867,35.4888],[136.398,35.4809],[136.402,35.4735],[136.4016,35.47],[136.4204,35.4662],[136.4215,35.4556],[136.4246,35.4533],[136.4262,35.4482],[136.4222,35.4426],[136.4231,35.4397],[136.4157,35.4334],[136.4188,35.4274],[136.4118,35.4224],[136.4118,35.4186],[136.4203,35.4129],[136.4246,35.4072],[136.4247,35.4041],[136.428,35.4008],[136.4366,35.3972],[136.437,35.3951],[136.4409,35.3939],[136.4412,35.3911],[136.4444,35.3894],[136.4365,35.3788],[136.4261,35.3733],[136.4156,35.3736],[136.4119,35.3699],[136.4135,35.36],[136.4097,35.357],[136.4106,35.3525],[136.4133,35.3523],[136.4162,35.3548],[136.4214,35.3539],[136.4223,35.3484],[136.4192,35.3448],[136.419,35.3412],[136.4153,35.3365],[136.4154,35.334],[136.4114,35.329],[136.4136,35.3246],[136.4121,35.3222],[136.4123,35.3156],[136.4066,35.3097],[136.4067,35.305],[136.4032,35.3034],[136.4031,35.3006],[136.3992,35.2993],[136.391,35.29],[136.391,35.2877],[136.396,35.2802],[136.3935,35.2619],[136.3944,35.2591],[136.397,35.2577],[136.3892,35.2498],[136.3792,35.2475],[136.3774,35.243],[136.3836,35.2397],[136.3857,35.2351],[136.392,35.2342],[136.3938,35.2311],[136.3925,35.2298],[136.3987,35.228],[136.3995,35.2258],[136.4083,35.2237],[136.412,35.2184],[136.4151,35.2177],[136.416,35.2203],[136.4247,35.2243],[136.4312,35.2294],[136.4333,35.2282],[136.4328,35.2239],[136.4345,35.2204],[136.4408,35.2167],[136.45,35.2233],[136.4538,35.2299],[136.4551,35.2292],[136.4618,35.2363],[136.4632,35.2357],[136.4663,35.2381],[136.4702,35.2327],[136.473,35.2374],[136.481,35.2349],[136.4832,35.2372],[136.4824,35.2398],[136.4894,35.2355],[136.4914,35.2373],[136.4972,35.2379],[136.5007,35.2351],[136.5057,35.235],[136.5107,35.2384],[136.5116,35.2453],[136.5166,35.2543],[136.5204,35.254],[136.528,35.2576],[136.5342,35.2571],[136.5339,35.2539],[136.5363,35.2502]],[[135.4866,35.5579],[135.4668,35.5519],[135.4605,35.5485],[135.4603,35.5439],[135.4544,35.538],[135.4545,35.5339],[135.4494,35.526],[135.4499,35.5208],[135.4522,35.5209],[135.4541,35.5181],[135.4641,35.513],[135.4668,35.5093],[135.4727,35.5084],[135.4762,35.5055],[135.4726,35.5013],[135.4762,35.4894],[135.475,35.488],[135.4727,35.49],[135.4704,35.4891],[135.4696,35.4847],[135.4669,35.484],[135.459,35.4732],[135.4597,35.4707],[135.4583,35.4683],[135.4628,35.4622],[135.4695,35.4582],[135.4709,35.454],[135.4808,35.4481],[135.4861,35.4486],[135.4894,35.441],[135.4882,35.4391],[135.4952,35.439],[135.498,35.4373],[135.5008,35.433],[135.4955,35.4295],[135.4966,35.4278],[135.4953,35.426],[135.4997,35.4242],[135.502,35.42],[135.5108,35.4246],[135.5157,35.4219],[135.5208,35.4229],[135.5257,35.4206],[135.5275,35.4124],[135.53,35.4084],[135.5251,35.4025],[135.5275,35.398],[135.5302,35.3974],[135.5317,35.3933],[135.5262,35.3862],[135.5275,35.3802],[135.5365,35.3767],[135.5528,35.3779],[135.5594,35.3764],[135.5646,35.3777],[135.5682,35.3748],[135.5791,35.3751],[135.5839,35.3702],[135.5883,35.3682],[135.5938,35.3704],[135.5959,35.3729],[135.5998,35.3712],[135.6069,35.3717],[135.6111,35.3668],[135.6117,35.3693],[135.615,35.3711],[135.6235,35.3699],[135.6364,35.3637],[135.6417,35.367],[135.6495,35.3612],[135.6582,35.3592],[135.6609,35.3564],[135.6682,35.3571],[135.6698,35.3541]],[[135.7688,35.356],[135.7696,35.3539],[135.7676,35.353],[135.7642,35.3444],[135.7741,35.3429],[135.7791,35.3399],[135.7808,35.3406],[135.7857,35.3307],[135.79,35.3282],[135.7911,35.3235],[135.8034,35.3173],[135.8091,35.3167],[135.8112,35.3138],[135.8105,35.3085],[135.8145,35.307],[135.815,35.3011],[135.8214,35.2971],[135.8201,35.2908],[135.8296,35.2767],[135.8344,35.2741],[135.838,35.2746],[135.841,35.2778],[135.8491,35.2796],[135.8517,35.286],[135.8579,35.2892],[135.8608,35.283],[135.8586,35.2812],[135.8584,35.2782],[135.8546,35.2756],[135.855,35.2715],[135.8475,35.2667],[135.8447,35.262],[135.8461,35.2571],[135.8425,35.2539],[135.844,35.2515],[135.8402,35.2481],[135.8398,35.2437],[135.8345,35.2411],[135.8378,35.2368],[135.8381,35.2261],[135.8307,35.2227],[135.8293,35.2205],[135.8307,35.2186],[135.8298,35.2161],[135.8326,35.2141],[135.831,35.2105],[135.8355,35.2067],[135.8352,35.2022],[135.8374,35.196],[135.8419,35.1898],[135.8402,35.1819],[135.8409,35.1797],[135.8433,35.1788],[135.8424,35.1736],[135.8453,35.1655],[135.8484,35.1613],[135.8561,35.1596],[135.8569,35.1568],[135.8568,35.1536],[135.8538,35.1518],[135.8526,35.146],[135.8487,35.1419],[135.8506,35.1383],[135.8501,35.1353],[135.8523,35.1343],[135.8496,35.127],[135.8499,35.1206],[135.848,35.1187],[135.8472,35.114],[135.8444,35.1136],[135.8427,35.1021],[135.8393,35.0998],[135.835,35.0913],[135.8399,35.0859],[135.8382,35.0789],[135.8342,35.0761],[135.8319,35.0715],[135.8358,35.0624],[135.8349,35.0556],[135.8328,35.0528],[135.8258,35.0534],[135.8211,35.0494],[135.8166,35.048],[135.8148,35.0452],[135.8162,35.0436],[135.8156,35.0414],[135.8215,35.0362],[135.8246,35.0356],[135.8277,35.0304],[135.8264,35.0237],[135.8274,35.0221],[135.8345,35.0221],[135.8355,35.0123],[135.825,35.0123],[135.8202,35.0152],[135.8202,35.013],[135.8243,35.0087],[135.8327,35.0094],[135.8366,35.0012],[135.8355,34.9993],[135.8324,35.0008],[135.8326,34.9991],[135.8269,34.9912],[135.8436,34.9896],[135.8493,34.9917],[135.8491,34.9848],[135.855,34.9847],[135.8567,34.9825],[135.8524,34.9708],[135.8556,34.9699],[135.8562,34.9667],[135.8632,34.9606],[135.8639,34.9576],[135.874,34.9552],[135.8787,34.9472],[135.876,34.9432],[135.8799,34.9345],[135.8707,34.926],[135.8719,34.9239],[135.8686,34.9194],[135.8713,34.9148],[135.8712,34.9099],[135.8629,34.9031],[135.8673,34.8969],[135.8666,34.8921],[135.8744,34.8889],[135.876,34.8862],[135.878,34.8866],[135.8814,34.8837],[135.8846,34.8844],[135.8886,34.8816],[135.885,34.8755],[135.8997,34.8714],[135.9074,34.874],[135.9068,34.8755],[135.9095,34.8769],[135.9099,34.8804],[135.9127,34.8835],[135.9186,34.8848],[135.9235,34.8837],[135.9287,34.8881],[135.9336,34.888],[135.9361,34.8917],[135.941,34.8937],[135.9396,34.8885],[135.9412,34.8844],[135.9397,34.8811],[135.9433,34.8782],[135.9437,34.875],[135.9409,34.8639],[135.9453,34.8583],[135.9464,34.8516],[135.9614,34.8547],[135.9627,34.8504],[135.9666,34.8492],[135.9678,34.8467],[135.9721,34.846],[135.9699,34.8378],[135.9818,34.8392],[135.9849,34.8415],[135.9876,34.8406],[135.9917,34.8429],[135.9945,34.8421],[135.9992,34.845],[136.0039,34.8444],[136.0053,34.8428],[136.0036,34.8411],[136.0023,34.8328],[136.0055,34.8264],[136.0122,34.8252],[136.0155,34.8266],[136.0163,34.8289],[136.0279,34.8217],[136.0285,34.8159],[136.0205,34.8122],[136.0187,34.8127],[136.015,34.809],[136.0102,34.7998],[136.0112,34.7959],[136.0159,34.7978],[136.0165,34.7945],[136.0223,34.7916],[136.0201,34.7902],[136.0199,34.7865],[136.0225,34.7824],[136.0336,34.7794],[136.0341,34.7741],[136.0293,34.7651],[136.031,34.7619],[136.0286,34.7575],[136.0305,34.7558],[136.0381,34.7565],[136.039,34.7496],[136.0473,34.7445],[136.0498,34.7405],[136.0575,34.7371],[136.0627,34.7306],[136.0629,34.7266],[136.0681,34.7238],[136.0688,34.7198],[136.0673,34.7176],[136.071,34.715],[136.0701,34.7125],[136.0676,34.7119],[136.0644,34.7082],[136.0541,34.7062],[136.0536,34.7046],[136.0549,34.7029],[136.0572,34.7031],[136.0597,34.6998],[136.0749,34.6979],[136.0791,34.6894],[136.0796,34.6842],[136.0827,34.6816],[136.082,34.6791],[136.0846,34.6783],[136.0865,34.6753],[136.0822,34.6699],[136.0834,34.6676],[136.082,34.6652],[136.0778,34.6626],[136.0778,34.6588],[136.0704,34.6577],[136.0644,34.6519],[136.0441,34.6601],[136.0409,34.6638],[136.0395,34.6613],[136.0509,34.6521],[136.0578,34.6529],[136.0625,34.6506],[136.0648,34.6516],[136.0679,34.6439],[136.0711,34.6408],[136.0714,34.6371],[136.0733,34.6363],[136.0724,34.6304],[136.0688,34.6267],[136.07,34.6248],[136.0689,34.6223],[136.0625,34.62],[136.0624,34.617],[136.0508,34.6069],[136.0503,34.6041],[136.0466,34.6006],[136.0487,34.5954],[136.0521,34.5933],[136.0521,34.5891],[136.0507,34.5869],[136.0479,34.5872],[136.0465,34.5852],[136.0498,34.5802],[136.0516,34.5809],[136.0522,34.5786],[136.0587,34.5777],[136.0612,34.574],[136.0603,34.5694],[136.0656,34.5669],[136.0714,34.5677],[136.0753,34.5653]],[[138.2187,35.6445],[138.2289,35.6459],[138.2323,35.6402],[138.2283,35.6269],[138.2289,35.6251],[138.2364,35.6221],[138.2366,35.619],[138.2341,35.615],[138.2363,35.6127],[138.2351,35.6074],[138.2408,35.605],[138.2416,35.5993],[138.2433,35.5975],[138.2436,35.5915],[138.2387,35.5838],[138.2412,35.5802],[138.2405,35.5761],[138.242,35.5727],[138.2457,35.57],[138.2444,35.5635],[138.2458,35.5613],[138.2522,35.5555],[138.2596,35.5529],[138.2601,35.5429],[138.2573,35.5308],[138.2639,35.5266],[138.2631,35.5231],[138.269,35.5144],[138.2602,35.5059],[138.2586,35.4795],[138.2553,35.4691],[138.2524,35.4652],[138.2457,35.4632],[138.244,35.4588],[138.2443,35.4541],[138.2483,35.4472],[138.2555,35.4444],[138.2553,35.4405],[138.2593,35.4321],[138.2581,35.4074],[138.2464,35.3998],[138.2476,35.3951],[138.2461,35.3913],[138.2403,35.3883],[138.237,35.3845],[138.2337,35.3791],[138.232,35.3712],[138.2375,35.37],[138.2428,35.3658],[138.247,35.3671],[138.2513,35.3635],[138.251,35.3582],[138.2558,35.349],[138.2539,35.3454],[138.2571,35.3388],[138.2487,35.3316],[138.2521,35.3291],[138.2516,35.3256],[138.2549,35.3244],[138.2548,35.3198],[138.2613,35.3152],[138.2702,35.3143],[138.2753,35.3104],[138.2764,35.3074],[138.2842,35.3043],[138.2941,35.312],[138.2959,35.3163],[138.3088,35.3184],[138.3138,35.3229],[138.3258,35.3276],[138.3356,35.3265],[138.3431,35.3182],[138.3469,35.3161],[138.3504,35.3152],[138.3585,35.3176],[138.3591,35.3135],[138.3675,35.3097],[138.3725,35.2994],[138.3667,35.2901],[138.3677,35.2865],[138.3667,35.2805],[138.3693,35.2771],[138.367,35.2702],[138.3736,35.2633],[138.3782,35.2539],[138.3809,35.253],[138.3862,35.2462],[138.3866,35.2398],[138.3918,35.2248],[138.3907,35.2194],[138.3934,35.2152],[138.3944,35.2072],[138.3967,35.2057],[138.3987,35.2003],[138.4077,35.2029],[138.4184,35.1993],[138.4246,35.1903],[138.4275,35.1827],[138.4311,35.1803],[138.4386,35.178],[138.4414,35.1794],[138.4572,35.1782],[138.4613,35.1795],[138.472,35.1761],[138.4779,35.1781],[138.4787,35.1755],[138.4844,35.1742],[138.4878,35.1697]],[[138.2187,35.6445],[138.2172,35.6476],[138.2081,35.6557],[138.2057,35.6641],[138.1933,35.6722],[138.1942,35.675],[138.1913,35.6856],[138.1937,35.6888],[138.1936,35.6969],[138.1913,35.7018],[138.1871,35.704],[138.182,35.7097],[138.1801,35.7145],[138.1835,35.7199],[138.1975,35.727],[138.2005,35.7331],[138.2071,35.7355],[138.213,35.7417],[138.2197,35.7458],[138.2221,35.7505],[138.2277,35.7537],[138.2296,35.753],[138.2369,35.758],[138.2322,35.7636],[138.2245,35.7658],[138.2213,35.7707],[138.2171,35.7714],[138.206,35.7827],[138.2002,35.7809],[138.1912,35.7845],[138.1852,35.7911],[138.1856,35.7956],[138.1903,35.8031],[138.1935,35.8039],[138.1934,35.8058],[138.1957,35.8057],[138.199,35.8121],[138.2017,35.8121],[138.2057,35.8157],[138.2058,35.8197],[138.2034,35.8227],[138.2052,35.8242],[138.2038,35.8255],[138.2048,35.8284],[138.2124,35.8365],[138.2156,35.8449],[138.2189,35.8468],[138.2234,35.8554],[138.2269,35.8575],[138.2324,35.8759],[138.2387,35.8829],[138.2486,35.8859],[138.2515,35.885],[138.2646,35.8758],[138.2728,35.8649],[138.2813,35.8596],[138.2836,35.8593],[138.2929,35.8669],[138.2992,35.8747]],[[138.2187,35.6445],[138.2102,35.6343],[138.2033,35.632],[138.2024,35.6182],[138.2061,35.6082],[138.1953,35.5946],[138.1946,35.5884],[138.189,35.5814],[138.1895,35.5768],[138.1841,35.5731],[138.1784,35.5748],[138.1709,35.5824],[138.1671,35.5829],[138.1616,35.5811],[138.1602,35.5762],[138.1573,35.5732],[138.1518,35.571],[138.1463,35.5572],[138.1414,35.5551],[138.1515,35.5527],[138.1544,35.5534],[138.1561,35.5516],[138.1561,35.5485],[138.1594,35.5449],[138.1516,35.5362],[138.1479,35.5348],[138.1471,35.5297],[138.1383,35.5222],[138.139,35.5205],[138.1463,35.5188],[138.1458,35.5122],[138.1395,35.5012],[138.1402,35.4997],[138.1482,35.5002],[138.155,35.4953],[138.1647,35.4936],[138.1583,35.4865],[138.1588,35.4829],[138.1561,35.4743],[138.1601,35.4715],[138.1603,35.4679],[138.1568,35.4599],[138.141,35.459],[138.1316,35.4533],[138.1225,35.4566],[138.1198,35.4534],[138.1193,35.446],[138.124,35.4357],[138.1204,35.4319],[138.1211,35.4289],[138.1397,35.4228],[138.1387,35.4157],[138.1345,35.4131],[138.1347,35.4079],[138.1405,35.4055],[138.1445,35.4061],[138.149,35.3999],[138.1531,35.3973],[138.1514,35.3901],[138.1478,35.3876],[138.1457,35.3836],[138.1412,35.3695],[138.1297,35.3653],[138.1242,35.368],[138.1186,35.3664],[138.1072,35.3604],[138.101,35.3544],[138.0968,35.3542],[138.0938,35.3502],[138.0968,35.3474],[138.096,35.3396],[138.0844,35.3379],[138.0788,35.3437],[138.071,35.3472],[138.0613,35.3472],[138.0556,35.344],[138.0551,35.3396],[138.051,35.3356],[138.0429,35.3352],[138.0377,35.3331],[138.0392,35.3261],[138.0262,35.3204],[138.0277,35.3116],[138.0197,35.3015],[138.0059,35.3044],[137.9924,35.3018],[137.9845,35.2958],[137.9824,35.2924],[137.9734,35.293],[137.967,35.2828],[137.9639,35.2846],[137.9593,35.2827],[137.9519,35.2831],[137.9438,35.2761],[137.9293,35.2755],[137.9283,35.2703],[137.9262,35.2689],[137.925,35.2606],[137.9181,35.2541],[137.9069,35.2542],[137.8954,35.258],[137.8939,35.2545],[137.8911,35.2542],[137.8825,35.2482],[137.8841,35.244],[137.8819,35.2416],[137.8849,35.2362],[137.8794,35.2249],[137.8723,35.2188],[137.8654,35.2213],[137.8649,35.2227],[137.8472,35.2219],[137.8448,35.2209],[137.8436,35.2176],[137.8368,35.2157],[137.8381,35.2125],[137.8266,35.216],[137.8211,35.2156],[137.7998,35.2054],[137.7952,35.2041],[137.7835,35.206],[137.7792,35.2027],[137.7739,35.2033],[137.7735,35.2054],[137.7677,35.2069],[137.7661,35.2102],[137.7692,35.2142],[137.768,35.2185],[137.7651,35.2184],[137.7597,35.2221],[137.7495,35.2195],[137.7469,35.2205],[137.744,35.2188],[137.7356,35.2227],[137.7295,35.221],[137.7232,35.2216],[137.7208,35.2248],[137.7225,35.2279]],[[138.4888,35.1693],[138.4916,35.1684],[138.4957,35.1715],[138.4965,35.1746],[138.5011,35.1765],[138.5062,35.1861],[138.5142,35.1913],[138.5139,35.1938],[138.5168,35.1962],[138.5145,35.1966],[138.5155,35.1983],[138.5212,35.1972],[138.5207,35.1987],[138.5224,35.1992],[138.5285,35.1975],[138.5332,35.2009],[138.5319,35.205],[138.5329,35.2074],[138.5274,35.2168],[138.5323,35.2234],[138.5299,35.2307],[138.5269,35.2326],[138.5231,35.2486],[138.5206,35.2507],[138.5207,35.2554],[138.5142,35.2622],[138.5154,35.2673],[138.5203,35.2709],[138.5217,35.2839],[138.5166,35.2939],[138.5166,35.2989],[138.5127,35.3036],[138.5135,35.3073],[138.5121,35.3137],[138.5243,35.321],[138.5269,35.3262],[138.5351,35.3306],[138.535,35.3406],[138.5306,35.3456],[138.5294,35.3497],[138.531,35.3533],[138.5298,35.3591],[138.5307,35.3762],[138.5282,35.3791],[138.5346,35.3862],[138.5358,35.3897],[138.5324,35.3968],[138.5333,35.3995],[138.5312,35.4021],[138.5317,35.4093],[138.5381,35.4141],[138.5456,35.4166],[138.5495,35.4214],[138.553,35.423],[138.5568,35.428],[138.5589,35.4342],[138.5638,35.4347],[138.5705,35.4395],[138.5775,35.4409],[138.578,35.4429],[138.582,35.4457],[138.5875,35.4376],[138.5973,35.4328],[138.6091,35.3932],[138.639,35.3983],[138.6638,35.3981],[138.6712,35.3928],[138.6805,35.3577],[138.6989,35.3597],[138.7004,35.3627],[138.7131,35.3636],[138.719,35.3656],[138.7247,35.3653],[138.7308,35.3628],[138.7986,35.3766],[138.8178,35.3764],[138.8218,35.3741],[138.8292,35.3781],[138.8333,35.3836],[138.8438,35.3866],[138.8508,35.3905],[138.8561,35.388],[138.8628,35.3901],[138.8743,35.3792],[138.8735,35.3817],[138.8785,35.3856],[138.8881,35.3866]],[[137.5787,35.1984],[137.5915,35.1993],[137.6026,35.2046],[137.6031,35.2061],[137.6149,35.2105],[137.6173,35.2095],[137.62,35.211],[137.6334,35.2122],[137.6446,35.209],[137.645,35.214],[137.6485,35.2143],[137.6537,35.2177],[137.6524,35.2232],[137.6541,35.2269],[137.657,35.2283],[137.6681,35.2273],[137.6736,35.2312],[137.6789,35.231],[137.6814,35.2352],[137.6865,35.2308],[137.6939,35.2337],[137.6996,35.2315],[137.7057,35.2339],[137.7119,35.2288],[137.7186,35.2292],[137.7216,35.2309],[137.7226,35.2281]],[[137.5787,35.1985],[137.5766,35.2029],[137.5787,35.2195],[137.5754,35.2205],[137.5747,35.2233],[137.5726,35.2239],[137.5723,35.2268],[137.5685,35.2278],[137.5626,35.2354],[137.5524,35.2405],[137.5479,35.251],[137.546,35.2516],[137.5462,35.2544],[137.5482,35.2596],[137.5521,35.2599],[137.5579,35.2652],[137.5557,35.2744],[137.5642,35.2777],[137.5665,35.2812],[137.5708,35.2827],[137.567,35.2899],[137.5613,35.2893],[137.5564,35.2955],[137.5593,35.3021],[137.5566,35.3094],[137.5607,35.3097],[137.5629,35.3115],[137.5651,35.3108],[137.5644,35.3134],[137.5687,35.3133],[137.5672,35.3152],[137.5717,35.3184],[137.5742,35.3167],[137.5781,35.3189],[137.5834,35.319],[137.5833,35.3217],[137.5876,35.3237],[137.588,35.3258],[137.5912,35.3281],[137.5906,35.3306],[137.6011,35.3308],[137.6039,35.3332],[137.6027,35.3358],[137.6041,35.3367],[137.6004,35.3421],[137.6019,35.3452],[137.6001,35.3466],[137.5998,35.3523],[137.6026,35.354],[137.601,35.356],[137.6026,35.3583],[137.5978,35.3663],[137.5986,35.3788],[137.5886,35.3856],[137.5864,35.3896],[137.5774,35.3904],[137.5752,35.4],[137.5802,35.3991],[137.5907,35.3936],[137.595,35.3954],[137.5966,35.394],[137.6184,35.3917],[137.6337,35.399],[137.635,35.4013],[137.631,35.4069],[137.632,35.4107],[137.6215,35.4124],[137.6198,35.4154],[137.6205,35.4173],[137.6156,35.4236],[137.6178,35.4267],[137.6157,35.4304],[137.6083,35.4379],[137.6014,35.4393],[137.593,35.447],[137.6074,35.4581],[137.6102,35.4587],[137.6132,35.4629],[137.6171,35.4649],[137.6182,35.4678],[137.6213,35.4687],[137.6229,35.4669],[137.6285,35.4673],[137.6318,35.47],[137.6324,35.4744],[137.6296,35.4771],[137.6307,35.4798],[137.6292,35.4814],[137.6298,35.4836],[137.627,35.4846],[137.6259,35.4926],[137.6244,35.4938],[137.6245,35.5006],[137.6283,35.5015],[137.6289,35.507],[137.6318,35.5094],[137.6262,35.5122],[137.6223,35.5186],[137.6232,35.52],[137.6194,35.5214],[137.6182,35.5262],[137.6161,35.5264],[137.6075,35.5335],[137.6024,35.5307],[137.5989,35.534],[137.5904,35.5352],[137.5874,35.5383],[137.5811,35.5388],[137.5769,35.5449],[137.5739,35.5447],[137.5748,35.5494],[137.5706,35.5538],[137.5726,35.558],[137.5721,35.5612],[137.5649,35.5659],[137.5641,35.5686],[137.5688,35.5736],[137.5682,35.5773],[137.5713,35.5842],[137.5681,35.5859],[137.5642,35.5848],[137.5507,35.5877],[137.5376,35.5845],[137.5365,35.5869],[137.531,35.589],[137.5326,35.5913],[137.532,35.5932],[137.5201,35.6001],[137.52,35.6028],[137.5183,35.6028],[137.5181,35.6046],[137.5138,35.608],[137.5168,35.6183],[137.5227,35.6194],[137.5238,35.626],[137.5277,35.6287],[137.5266,35.6343],[137.5325,35.6379],[137.5382,35.6383],[137.541,35.6421],[137.5393,35.6439],[137.5397,35.6468],[137.545,35.6492],[137.5454,35.6513],[137.536,35.6612],[137.5354,35.6658],[137.5245,35.6715],[137.5199,35.6772],[137.5147,35.6773],[137.5094,35.6824],[137.5072,35.6822],[137.4984,35.6873],[137.4972,35.6885],[137.4986,35.6964],[137.4975,35.6983],[137.4918,35.7004],[137.4908,35.7042],[137.486,35.7055],[137.4859,35.7094]],[[137.562,35.2893],[137.5607,35.2854],[137.5618,35.2832],[137.5514,35.2842],[137.5438,35.2806],[137.536,35.2823],[137.5338,35.2813],[137.5276,35.2844],[137.5189,35.2833],[137.5206,35.2734],[137.5161,35.275],[137.513,35.2719],[137.5141,35.2695],[137.5088,35.2662],[137.5061,35.2665],[137.5048,35.2629],[137.497,35.2642],[137.4972,35.2592],[137.4841,35.2574],[137.4827,35.2549],[137.4765,35.2534],[137.4703,35.246],[137.4661,35.2466],[137.4601,35.24],[137.4534,35.2405],[137.4505,35.2351],[137.4417,35.2335],[137.4412,35.23],[137.4381,35.2297],[137.4352,35.2243],[137.4292,35.2229],[137.4249,35.2269],[137.4234,35.2315],[137.4171,35.2403],[137.4086,35.2348],[137.4074,35.2375],[137.4034,35.2385],[137.4007,35.2418],[137.3949,35.2398],[137.3877,35.2403],[137.3853,35.2455],[137.3828,35.2471],[137.3868,35.2518],[137.3852,35.2585],[137.3833,35.2602],[137.3777,35.2588],[137.3726,35.2634],[137.3688,35.2604],[137.362,35.261],[137.35,35.2571],[137.3439,35.258],[137.3451,35.2618],[137.3425,35.2612],[137.34,35.2649],[137.3463,35.2707],[137.345,35.2734],[137.3378,35.2759],[137.3378,35.2744],[137.3366,35.2747],[137.3339,35.2774],[137.3312,35.2768],[137.3321,35.2782],[137.3248,35.281],[137.3213,35.2843],[137.31,35.2882],[137.3081,35.2912],[137.2984,35.2887],[137.2952,35.2901],[137.2912,35.2882],[137.2829,35.2877],[137.2779,35.2881],[137.2751,35.2905],[137.2717,35.2861],[137.2684,35.2869],[137.2627,35.2852],[137.2599,35.2813],[137.2608,35.2752],[137.2576,35.275],[137.2572,35.2724],[137.2534,35.2726],[137.2497,35.2684],[137.2437,35.2687],[137.2443,35.2669],[137.2424,35.2646],[137.2354,35.2647],[137.2335,35.2611],[137.2301,35.261],[137.2233,35.256],[137.2216,35.2559],[137.221,35.2604],[137.2187,35.2589],[137.2116,35.2598],[137.2088,35.2576],[137.2073,35.2532],[137.2038,35.2551],[137.2025,35.2524],[137.2,35.2515],[137.1968,35.2534],[137.1862,35.2532],[137.1767,35.2601],[137.1755,35.2645],[137.1729,35.2652],[137.1771,35.2692],[137.1739,35.2717],[137.1732,35.275],[137.1699,35.2756],[137.1696,35.2781],[137.1652,35.2834],[137.1583,35.282],[137.1541,35.2794],[137.1494,35.2816],[137.1456,35.2798],[137.1317,35.2936],[137.1304,35.2927],[137.1288,35.2947],[137.1189,35.2979],[137.1166,35.2973],[137.1151,35.2988],[137.1023,35.3016],[137.0976,35.2969],[137.0988,35.2922]],[[137.8381,35.2125],[137.8277,35.2113],[137.8279,35.2083],[137.8311,35.2053],[137.8221,35.2039],[137.8206,35.1978],[137.8169,35.1928],[137.8164,35.188],[137.8138,35.1863],[137.8073,35.1878],[137.8032,35.1835],[137.8046,35.1796],[137.8104,35.1748],[137.8173,35.1751],[137.8255,35.1682],[137.826,35.1665],[137.8219,35.1614],[137.8213,35.1583],[137.8279,35.1551],[137.829,35.1519],[137.8215,35.148],[137.815,35.1527],[137.8122,35.1457],[137.815,35.1406],[137.81,35.1373],[137.8059,35.1311],[137.8009,35.1309],[137.7973,35.1364],[137.793,35.1351],[137.792,35.1289],[137.799,35.1255],[137.7982,35.1188],[137.8011,35.1058],[137.795,35.1029],[137.7924,35.0953],[137.7818,35.0966],[137.7783,35.0996],[137.7734,35.0905],[137.7756,35.0777],[137.7698,35.0727],[137.7639,35.0723],[137.7617,35.0686],[137.7568,35.0676],[137.7565,35.065],[137.7514,35.0641],[137.7403,35.0566],[137.7288,35.0403],[137.7233,35.0391],[137.7222,35.0363],[137.7171,35.035],[137.7165,35.0274],[137.7125,35.025],[137.7109,35.0208],[137.7049,35.0148],[137.701,35.0035],[137.7018,34.9987],[137.7046,34.9961],[137.7076,34.9963],[137.7081,34.9945],[137.6998,34.9844],[137.7072,34.972],[137.7043,34.97],[137.6959,34.9713],[137.6898,34.9638],[137.6895,34.9567],[137.6861,34.9546],[137.683,34.955]],[[137.4859,35.7098],[137.4876,35.7167],[137.4851,35.7249],[137.479,35.7266],[137.4781,35.7305],[137.4708,35.7358],[137.4698,35.7389],[137.4666,35.741],[137.4655,35.7438],[137.4681,35.747],[137.4656,35.7494],[137.4648,35.7564],[137.4597,35.7614],[137.4525,35.7634],[137.45,35.7593],[137.4405,35.7585],[137.434,35.767],[137.4343,35.7712],[137.4268,35.7715],[137.4235,35.7752],[137.419,35.7735],[137.4167,35.7762],[137.4111,35.7773],[137.3997,35.7754],[137.3929,35.7779],[137.3911,35.7807],[137.397,35.7854],[137.3941,35.7974],[137.3918,35.7986],[137.3861,35.7987],[137.3808,35.8013],[137.3641,35.7984],[137.3603,35.796],[137.353,35.8015],[137.3402,35.7979],[137.3367,35.7986],[137.3348,35.8034],[137.3326,35.8049],[137.3324,35.8092],[137.3246,35.812],[137.3263,35.8143],[137.325,35.8167],[137.3268,35.8209],[137.3288,35.8218],[137.3272,35.8257],[137.3302,35.8288],[137.3321,35.8407],[137.336,35.8442],[137.3543,35.8422],[137.3611,35.8462],[137.3676,35.8607],[137.3663,35.8653],[137.3682,35.8742],[137.3644,35.8789],[137.3735,35.8841],[137.3736,35.8862],[137.3781,35.8887],[137.3808,35.8924],[137.3978,35.8957],[137.4194,35.9045],[137.4244,35.9032],[137.4349,35.9055],[137.4376,35.9051],[137.4388,35.9001],[137.4434,35.8981],[137.4477,35.8934],[137.4586,35.8893],[137.462,35.8895],[137.4651,35.8926],[137.4764,35.8941],[137.4819,35.9005],[137.4811,35.906],[137.4845,35.9086],[137.4833,35.9126],[137.4842,35.9161],[137.4893,35.9198],[137.4924,35.9253],[137.4977,35.9288],[137.5036,35.9399],[137.5107,35.9411],[137.5189,35.9397],[137.5245,35.9425],[137.5243,35.945],[137.5328,35.9619],[137.542,35.9666],[137.5414,35.9693],[137.5443,35.9724],[137.545,35.9771],[137.5429,35.9804],[137.5435,35.9829],[137.5505,35.9871],[137.5622,35.9901],[137.5691,35.9957],[137.5757,35.9955],[137.5778,35.9984]],[[136.4151,35.2177],[136.4168,35.2145],[136.4159,35.2064],[136.418,35.2037],[136.4137,35.1993],[136.4127,35.1921],[136.4087,35.1873],[136.4103,35.1864]],[[137.0983,35.2918],[137.0952,35.2906],[137.0921,35.2928],[137.0813,35.2922],[137.0798,35.2962],[137.0814,35.2988],[137.0801,35.303],[137.0816,35.3054],[137.0666,35.3091],[137.0671,35.3118],[137.0635,35.3182],[137.0641,35.3207],[137.073,35.3265],[137.068,35.3359],[137.0638,35.3362],[137.0634,35.3382],[137.0611,35.3391],[137.0556,35.3379],[137.0544,35.3361],[137.0527,35.3367],[137.05,35.3344],[137.0479,35.3354],[137.0461,35.3402],[137.0466,35.3485],[137.0452,35.3506],[137.0479,35.3524],[137.0498,35.3596],[137.047,35.3661],[137.0448,35.3675],[137.034,35.368],[137.0298,35.3708],[137.0282,35.3762],[137.02,35.3757],[137.0162,35.3775],[137.0149,35.3816],[137.0022,35.3814],[137.0022,35.3833],[136.999,35.3862],[136.9983,35.3915],[136.9967,35.3911],[136.994,35.3936],[136.9917,35.393],[136.9901,35.3949],[136.989,35.4012],[136.9816,35.4016],[136.9782,35.4033],[136.9784,35.4062],[136.9871,35.4154],[136.9853,35.4173],[136.9863,35.4199],[136.9932,35.4241],[136.9885,35.4248],[136.9639,35.4206],[136.9611,35.4149],[136.9631,35.4066],[136.961,35.3991],[136.936,35.3888],[136.9215,35.379],[136.8876,35.3778],[136.875,35.3736],[136.8649,35.3726],[136.8604,35.3679],[136.834,35.3559],[136.8008,35.3609],[136.7929,35.3635],[136.7945,35.3683],[136.7738,35.3696],[136.7674,35.3663],[136.7596,35.3581],[136.7501,35.3365],[136.7365,35.316],[136.7257,35.2956],[136.7208,35.2899],[136.7083,35.2806],[136.696,35.2586],[136.6784,35.243],[136.6778,35.2385],[136.6834,35.2023],[136.6823,35.1984],[136.6723,35.1888],[136.671,35.1745],[136.6746,35.1555],[136.671,35.1417],[136.6728,35.1348],[136.6696,35.1337],[136.6673,35.142],[136.661,35.15],[136.6555,35.1613],[136.6464,35.1658],[136.6446,35.1622],[136.6462,35.1566],[136.6452,35.1446],[136.6394,35.1478],[136.6355,35.1478],[136.6343,35.1498],[136.6302,35.1502],[136.6238,35.1458],[136.6217,35.1483],[136.6158,35.1497],[136.6133,35.1532],[136.6124,35.1596],[136.6051,35.1673],[136.6061,35.1721],[136.6029,35.1774],[136.6011,35.1785],[136.5972,35.1771],[136.5968,35.1797],[136.592,35.1838],[136.5925,35.1867],[136.5878,35.1844],[136.5883,35.1871],[136.5847,35.1886],[136.5838,35.1907],[136.5852,35.1945],[136.5822,35.1971],[136.5774,35.1967],[136.5761,35.2023],[136.5698,35.2028],[136.5658,35.2055],[136.5598,35.2066],[136.5614,35.2089],[136.5595,35.2129],[136.56,35.2155],[136.5576,35.2168],[136.557,35.2206],[136.5497,35.2192],[136.5474,35.2203],[136.5472,35.2278],[136.5504,35.2332],[136.5409,35.2373],[136.5397,35.2409],[136.5415,35.2455],[136.5366,35.2474],[136.5364,35.2501]],[[136.6728,35.1348],[136.6764,35.1289],[136.6951,35.1247],[136.7138,35.1054],[136.7313,35.0973],[136.7417,35.0861],[136.75,35.0804],[136.7519,35.0734],[136.7516,35.0627],[136.7534,35.053],[136.7609,35.0377],[136.7727,35.0244],[136.7697,35.0226],[136.7706,35.0214]],[[137.5953,34.8594],[137.5871,34.851],[137.5873,34.8496],[137.5649,34.8522],[137.558,34.8509],[137.5516,34.8519],[137.5509,34.8492],[137.5451,34.8459],[137.5423,34.842],[137.5379,34.8419],[137.5346,34.8442],[137.5297,34.8436],[137.5287,34.8419],[137.5239,34.841],[137.5185,34.836],[137.5026,34.8335],[137.4989,34.828],[137.5014,34.8228],[137.4952,34.8196],[137.4932,34.8148],[137.487,34.8117],[137.4876,34.8089],[137.4944,34.8018],[137.4916,34.7958],[137.4929,34.7869],[137.4888,34.784],[137.482,34.7823],[137.4767,34.7748],[137.4791,34.7714],[137.4768,34.7681],[137.4775,34.7568],[137.4749,34.7551],[137.4741,34.75],[137.4806,34.7407],[137.4782,34.7354],[137.4813,34.7319],[137.4803,34.7292],[137.4807,34.7265],[137.4823,34.726],[137.4818,34.7213],[137.4878,34.7164],[137.4918,34.7025],[137.4893,34.6888],[137.4846,34.6838],[137.4859,34.6798],[137.485,34.6741]],[[137.5954,34.8597],[137.5959,34.8707],[137.5977,34.8726],[137.604,34.8743]],[[137.6044,34.8744],[137.6163,34.8753],[137.617,34.8784],[137.6335,34.8854],[137.6358,34.8896],[137.6413,34.8931],[137.6421,34.8966],[137.64,34.8985],[137.6405,34.905],[137.6427,34.908],[137.6464,34.9084],[137.6479,34.9121],[137.647,34.9188],[137.6499,34.9207],[137.6532,34.9267],[137.6512,34.9337],[137.6567,34.9382],[137.6595,34.9446],[137.6689,34.9483],[137.6757,34.9454],[137.6802,34.9492],[137.6828,34.9547]],[[136.4062,34.9713],[136.4031,34.9692],[136.4033,34.9662],[136.3991,34.9631],[136.3996,34.9611],[136.3965,34.9574],[136.3951,34.9516],[136.3863,34.9525]],[[136.4068,34.9715],[136.4089,34.9751],[136.4159,34.9808],[136.4146,34.9818],[136.4164,34.9923],[136.4135,34.9954],[136.4214,35.0001],[136.417,35.0111],[136.4168,35.0148],[136.4188,35.0169],[136.4171,35.0196],[136.4214,35.0214],[136.423,35.0259],[136.4221,35.027],[136.4245,35.0295],[136.4179,35.0307],[136.4172,35.0399],[136.4159,35.0413],[136.4178,35.0425],[136.4177,35.0493],[136.4224,35.0516],[136.4247,35.057],[136.4288,35.0564],[136.4328,35.0593]],[[136.0787,34.5632],[136.0821,34.5624],[136.0836,34.5591],[136.09,34.5589],[136.0918,34.5568],[136.0959,34.558],[136.0992,34.5558],[136.1058,34.5574],[136.1075,34.5559],[136.1106,34.5565],[136.1114,34.551],[136.1143,34.5459],[136.1184,34.5463],[136.1217,34.5487],[136.1236,34.548],[136.1339,34.5552],[136.1381,34.561],[136.1466,34.5558],[136.1504,34.5552],[136.151,34.5591],[136.1556,34.5597],[136.1558,34.5557],[136.1582,34.5552],[136.1575,34.5528],[136.1618,34.5485],[136.1597,34.5468],[136.1669,34.5396],[136.1697,34.5389],[136.1718,34.5348],[136.17,34.5275],[136.1672,34.5247],[136.1675,34.52],[136.1819,34.5167],[136.1898,34.524],[136.1964,34.5239],[136.2099,34.529],[136.2152,34.529],[136.2166,34.5282],[136.216,34.5233],[136.2198,34.5159],[136.2195,34.5105],[136.2158,34.5078],[136.2147,34.5012],[136.2183,34.497],[136.2289,34.4948],[136.2298,34.4919],[136.2283,34.4889],[136.2192,34.4852],[136.2156,34.4812],[136.2148,34.4729],[136.2093,34.4671],[136.2073,34.4587],[136.2086,34.4551],[136.2059,34.4485],[136.1885,34.4506],[136.1775,34.4454],[136.1584,34.4491],[136.1534,34.4456],[136.1511,34.4418],[136.1439,34.4411],[136.1295,34.4455],[136.1266,34.4434],[136.1183,34.4429],[136.1113,34.4357],[136.0959,34.4352],[136.0887,34.4287],[136.0912,34.4226],[136.0903,34.416],[136.0844,34.4098],[136.078,34.4079],[136.0743,34.3998],[136.075,34.3984],[136.0691,34.3943],[136.0696,34.3889],[136.0721,34.387],[136.078,34.3865],[136.082,34.3836],[136.0863,34.3794],[136.0865,34.3759],[136.0894,34.3743],[136.092,34.3687],[136.0904,34.3668],[136.0905,34.3628],[136.0954,34.3602],[136.0986,34.3523],[136.0967,34.3493],[136.0984,34.3452],[136.1021,34.3422],[136.1012,34.3384],[136.1024,34.336],[136.1092,34.3291],[136.1159,34.3261],[136.1216,34.3262],[136.1295,34.3162],[136.1223,34.3104],[136.1163,34.3097],[136.1116,34.305],[136.1004,34.3055],[136.0949,34.3015],[136.0978,34.2888],[136.1055,34.283],[136.112,34.2807],[136.1172,34.2711],[136.1205,34.2702],[136.1219,34.267],[136.1188,34.2649],[136.1181,34.2606],[136.1278,34.2567],[136.1284,34.254],[136.1318,34.2519],[136.1294,34.2491],[136.1303,34.2429],[136.1226,34.2398],[136.1174,34.2339],[136.1158,34.2296],[136.1097,34.2282],[136.1097,34.2242],[136.1173,34.2231],[136.1182,34.2142],[136.1154,34.2104],[136.1087,34.2109],[136.1067,34.2066],[136.0976,34.2025],[136.0966,34.1984],[136.0934,34.1957],[136.0942,34.1934],[136.0927,34.1904],[136.0991,34.1866],[136.109,34.185],[136.1071,34.1751],[136.1053,34.1753],[136.1045,34.1734],[136.112,34.1676],[136.111,34.1647],[136.1134,34.1638],[136.1147,34.161],[136.1108,34.1547],[136.1056,34.1524],[136.1067,34.1452],[136.1019,34.1413],[136.1084,34.1268],[136.1051,34.1231],[136.1007,34.1216],[136.0994,34.1187],[136.1003,34.1167],[136.1041,34.1151],[136.1057,34.1095],[136.104,34.1087],[136.104,34.1066],[136.1079,34.1032],[136.1023,34.0961],[136.1187,34.0824],[136.1034,34.0839],[136.098,34.0867],[136.0933,34.0829],[136.0969,34.0781],[136.0969,34.0762],[136.0948,34.0749],[136.0934,34.0659],[136.0971,34.0574],[136.092,34.0483],[136.0978,34.0448],[136.1014,34.0392],[136.1041,34.0258],[136.1015,34.026],[136.0965,34.0224],[136.0859,34.0288],[136.0824,34.0275],[136.0801,34.0296],[136.0787,34.0284],[136.0784,34.0307],[136.0727,34.0339],[136.0666,34.034],[136.0627,34.0322],[136.0544,34.0356],[136.0525,34.0321],[136.0441,34.0358],[136.0435,34.0407],[136.0397,34.0363],[136.0377,34.0379],[136.0375,34.0409],[136.0317,34.0319],[136.0275,34.0329],[136.023,34.0365],[136.0194,34.0367],[136.017,34.0335],[136.015,34.0246],[136.0075,34.0199],[136.0063,34.015],[136.0036,34.0134],[136.0036,34.0099],[136.007,34.0074],[136.005,34.0028],[136.0032,34.0015],[135.9972,34.0025],[135.9953,34.0013],[135.9968,33.9981],[136.0041,33.9917],[136.0048,33.9841],[136.0132,33.9749],[136.0124,33.9673],[136.0034,33.9625],[135.9995,33.9557],[135.9872,33.9682],[135.9772,33.9667],[135.9749,33.9616],[135.9773,33.9578],[135.9775,33.9474],[135.9726,33.9349],[135.967,33.9278],[135.9576,33.9345],[135.9442,33.9396],[135.9363,33.9392],[135.9284,33.9412],[135.9284,33.9383],[135.9314,33.9334],[135.9281,33.9348],[135.9216,33.9342],[135.919,33.9318],[135.9173,33.9239],[135.9196,33.9209],[135.9237,33.9198],[135.9295,33.9232],[135.9327,33.9227],[135.9346,33.9196],[135.9316,33.9167]],[[136.0783,34.5633],[136.0755,34.5647]],[[136.3024,34.8762],[136.2893,34.8695],[136.2817,34.871],[136.2807,34.873],[136.2771,34.8742],[136.2736,34.8697],[136.2691,34.8682],[136.268,34.8645],[136.2507,34.8577],[136.2376,34.8595],[136.2357,34.8615],[136.2275,34.861],[136.22,34.8634],[136.2186,34.8656],[136.2136,34.8656],[136.209,34.8682],[136.1982,34.8698],[136.1957,34.8724],[136.1901,34.8733],[136.1905,34.8756],[136.1885,34.8778],[136.1787,34.8798],[136.1783,34.8827],[136.1808,34.8858],[136.1787,34.8871],[136.1657,34.8879],[136.1484,34.8819],[136.1419,34.8863]],[[136.3028,34.8758],[136.3049,34.8751],[136.3102,34.88],[136.3129,34.8806],[136.3132,34.887],[136.3201,34.8898],[136.3263,34.8886],[136.3306,34.8924],[136.3394,34.8955],[136.3462,34.8947],[136.3503,34.899],[136.3574,34.9005],[136.3603,34.9042],[136.3659,34.9048],[136.3647,34.9115],[136.3685,34.9149],[136.3672,34.9168],[136.3678,34.9219],[136.3752,34.9245],[136.3717,34.9276],[136.373,34.9285],[136.3718,34.9344],[136.3754,34.939],[136.3726,34.9422],[136.386,34.9526]],[[135.8579,33.8732],[135.8588,33.8679],[135.8534,33.8627],[135.8532,33.8594],[135.8547,33.8555],[135.8587,33.8526],[135.8606,33.849],[135.8557,33.8367],[135.8589,33.8302],[135.8564,33.8184],[135.8635,33.8109],[135.8722,33.809],[135.8831,33.8013],[135.888,33.8027],[135.8917,33.8011],[135.8982,33.7906],[135.8968,33.7869],[135.9022,33.7794],[135.9065,33.7674],[135.9168,33.7667],[135.9193,33.7641],[135.9208,33.7584],[135.929,33.7538],[135.9355,33.7575],[135.9384,33.7571],[135.9412,33.7357],[135.9453,33.7323],[135.9627,33.7246],[135.9764,33.7233],[135.976,33.7282],[135.9721,33.7312],[135.9719,33.733],[135.973,33.7354],[135.9795,33.7369],[136.0077,33.7273],[136.0119,33.7233]],[[135.8579,33.8732],[135.8593,33.8756],[135.8621,33.8765],[135.8608,33.8656],[135.8622,33.8627],[135.8722,33.859],[135.8732,33.8613],[135.8781,33.8643],[135.8786,33.8719],[135.8861,33.8722],[135.8915,33.8683],[135.8976,33.8697],[135.8983,33.8767],[135.901,33.88],[135.9015,33.8852],[135.8921,33.8939],[135.8902,33.8903],[135.8931,33.8891],[135.8929,33.882],[135.8908,33.8809],[135.8858,33.8833],[135.8843,33.8872],[135.8883,33.8953],[135.8809,33.9023],[135.8789,33.9088],[135.8808,33.9094],[135.8851,33.9069],[135.8956,33.9066],[135.8979,33.9126],[135.8937,33.92],[135.8981,33.9216],[135.9091,33.9185],[135.9173,33.9198],[135.9223,33.9141],[135.9303,33.9164]],[[135.8579,33.8732],[135.853,33.8776],[135.8521,33.882],[135.8553,33.8878],[135.8521,33.8903],[135.8516,33.8941],[135.8422,33.8971],[135.8361,33.8955],[135.8161,33.9057],[135.8086,33.9065],[135.8035,33.9032],[135.8017,33.8957],[135.7926,33.8946],[135.7777,33.8882],[135.7733,33.8903],[135.7661,33.8908],[135.7641,33.8875],[135.7609,33.8877],[135.7564,33.8852],[135.7518,33.8896],[135.7484,33.8878],[135.7449,33.8907],[135.7422,33.8901],[135.739,33.8948],[135.7362,33.8942],[135.7325,33.8962],[135.7305,33.9],[135.7241,33.9033],[135.7138,33.9026],[135.7063,33.9045],[135.686,33.904],[135.6826,33.8998],[135.6781,33.8981],[135.671,33.9004],[135.6633,33.8994],[135.6606,33.8976],[135.6626,33.8939],[135.6623,33.8893],[135.6572,33.8856],[135.6559,33.8816],[135.6514,33.8807],[135.648,33.8769],[135.6426,33.8763],[135.6378,33.8777],[135.629,33.8731],[135.6179,33.8721],[135.6181,33.8746],[135.6235,33.8796],[135.6238,33.8825],[135.6266,33.8834]],[[135.8748,33.8616],[135.8733,33.8704],[135.8749,33.873],[135.8809,33.8758],[135.8827,33.8789],[135.8784,33.8841],[135.8747,33.8839],[135.8716,33.8887],[135.8645,33.8891],[135.8611,33.8871],[135.8587,33.8948],[135.8584,33.8971],[135.8601,33.8989],[135.8587,33.9012],[135.8689,33.9142],[135.8656,33.92],[135.8659,33.9221],[135.8772,33.9171],[135.8804,33.9178],[135.882,33.9152],[135.88,33.913],[135.8808,33.9094]],[[135.9091,33.9185],[135.9097,33.9227],[135.9047,33.9256],[135.9028,33.9241],[135.8999,33.9247],[135.8984,33.9267],[135.8981,33.9338],[135.893,33.9389],[135.8924,33.9458],[135.8949,33.9491],[135.8936,33.9498],[135.8971,33.9524],[135.8973,33.9542],[135.9021,33.9538],[135.9047,33.9555],[135.9069,33.9583],[135.9067,33.9631],[135.9148,33.9658],[135.9157,33.9726],[135.926,33.9813],[135.9397,33.9807],[135.9398,33.9777],[135.9417,33.976]],[[136.0036,34.0099],[136.0015,34.0062],[135.9938,34.0051],[135.9895,34.0024],[135.9887,33.9982],[135.9848,33.9948],[135.985,33.9918],[135.9771,33.9896],[135.975,33.9861],[135.9613,33.9847],[135.9581,33.9815]],[[136.4439,35.1427],[136.443,35.1391],[136.438,35.1366],[136.4356,35.1308],[136.4481,35.1237],[136.4444,35.1189],[136.44,35.1167],[136.4426,35.1106],[136.4408,35.1077],[136.4419,35.1014],[136.4393,35.0984],[136.4396,35.0932],[136.4381,35.0915],[136.4421,35.0858],[136.4353,35.0827],[136.4375,35.077],[136.4404,35.0745],[136.4396,35.0724],[136.4416,35.0663],[136.441,35.0645],[136.4385,35.0655],[136.4336,35.0617],[136.4333,35.0594]],[[136.4436,35.1434],[136.4444,35.1493],[136.4512,35.1496],[136.455,35.1524],[136.4541,35.1576]],[[136.4539,35.1579],[136.4529,35.1589],[136.4546,35.1621],[136.4525,35.1659],[136.4453,35.1662],[136.4462,35.1693],[136.4445,35.1713],[136.4387,35.172],[136.4299,35.1812],[136.4245,35.1845],[136.4196,35.1826],[136.4163,35.1851],[136.4114,35.1861]],[[136.1415,34.8866],[136.1368,34.8884],[136.1349,34.8848],[136.1312,34.8831],[136.1253,34.8884],[136.1217,34.8879],[136.1205,34.8914],[136.115,34.8931],[136.1153,34.8986],[136.1108,34.9019],[136.1017,34.8961],[136.0984,34.8895],[136.0942,34.8877],[136.0879,34.8907],[136.0862,34.8892],[136.0858,34.8858],[136.0896,34.8824],[136.0852,34.879],[136.0856,34.8772],[136.0911,34.8748]],[[136.0555,34.7386],[136.05,34.7386],[136.0429,34.736],[136.0395,34.7202],[136.0338,34.7177],[136.0337,34.7164]],[[136.0223,34.7916],[136.0283,34.7906],[136.0329,34.7941],[136.0388,34.794],[136.0412,34.7985],[136.0452,34.7993],[136.047,34.8015],[136.0516,34.7991],[136.0575,34.8037],[136.0625,34.7997],[136.0638,34.8018],[136.0728,34.8041],[136.0727,34.8053]],[[136.073,34.8055],[136.0755,34.8079],[136.0813,34.8075],[136.0857,34.8109],[136.0905,34.8121],[136.0907,34.8157],[136.095,34.8187]],[[136.0952,34.8189],[136.0926,34.8205],[136.0933,34.8219],[136.0879,34.8293],[136.0901,34.8333],[136.086,34.8375],[136.0907,34.8364],[136.0949,34.8402],[136.1002,34.8391],[136.1045,34.8406],[136.1075,34.8454],[136.1084,34.8503],[136.1072,34.8527],[136.1131,34.8561],[136.117,34.8555],[136.121,34.8598],[136.1264,34.8619],[136.1227,34.8664],[136.1238,34.8676]],[[136.124,34.8676],[136.1254,34.8715]],[[136.1251,34.8716],[136.1221,34.8728],[136.1186,34.8706],[136.1157,34.872],[136.1132,34.8693],[136.0991,34.8704],[136.0978,34.8721]],[[136.0976,34.8722],[136.0916,34.8745]],[[135.616,34.9281],[135.6239,34.935],[135.6274,34.9336],[135.6292,34.9351],[135.6324,34.9348],[135.6366,34.931],[135.6385,34.9321],[135.6428,34.9307],[135.6449,34.9276],[135.6495,34.9251],[135.651,34.9195],[135.6535,34.9179],[135.6533,34.9162],[135.6482,34.9169],[135.6485,34.9095],[135.6535,34.9097],[135.6616,34.9038],[135.664,34.905],[135.6638,34.9022],[135.6667,34.9044],[135.6752,34.8999],[135.6763,34.8975],[135.6751,34.8949],[135.6769,34.8953],[135.6795,34.8898],[135.6827,34.8878],[135.6799,34.8813],[135.6823,34.8804],[135.6835,34.8776],[135.6819,34.8754],[135.6823,34.8724],[135.691,34.869],[135.6913,34.8615],[135.6948,34.8611],[135.6907,34.8568],[135.6924,34.8553],[135.692,34.8524],[135.6946,34.8506]],[[135.6156,34.928],[135.5994,34.9282],[135.6019,34.9325]],[[135.6019,34.9328],[135.6034,34.936],[135.6062,34.935],[135.6083,34.9394],[135.6108,34.9397],[135.611,34.9422],[135.6131,34.9417],[135.6115,34.9439],[135.614,34.946],[135.6126,34.9467],[135.6161,34.9527],[135.6165,34.9576],[135.6188,34.9583],[135.6138,34.9672],[135.6133,34.9712],[135.6076,34.9693],[135.6036,34.9712],[135.5963,34.9689],[135.5948,34.9697],[135.5924,34.966],[135.5892,34.9672],[135.5848,34.9761],[135.5826,34.9768],[135.571,34.9699],[135.5711,34.9664]],[[134.948,35.4124],[134.9449,35.4131],[134.9337,35.4072],[134.9315,35.4013],[134.9275,35.3994],[134.9256,35.394],[134.9234,35.3943],[134.923,35.3911],[134.9266,35.3857],[134.9272,35.3796],[134.9189,35.3645],[134.9235,35.3542],[134.9188,35.35],[134.9171,35.3403],[134.9256,35.3367],[134.9281,35.3304],[134.9247,35.3264],[134.9263,35.322],[134.9212,35.3172],[134.9247,35.3117],[134.9342,35.3078],[134.9409,35.3087],[134.9457,35.3074],[134.9471,35.3039],[134.9517,35.3029],[134.9597,35.298],[134.9662,35.2979],[134.9677,35.296],[134.9853,35.2929],[134.9927,35.2891],[134.9989,35.291],[134.9999,35.2873],[135.0075,35.2855],[135.0117,35.2811],[135.012,35.2762],[135.0094,35.2709],[135.011,35.2695],[135.0183,35.2693],[135.0239,35.2652],[135.0287,35.265],[135.0375,35.2607],[135.0421,35.2641],[135.0497,35.262],[135.0543,35.2648],[135.0568,35.2646],[135.0558,35.2592],[135.0584,35.254],[135.0613,35.2519],[135.0606,35.2487],[135.0639,35.2471],[135.0642,35.2424],[135.0679,35.2374],[135.0729,35.2396],[135.075,35.2436],[135.0809,35.2446],[135.0854,35.2532],[135.0896,35.2545],[135.0933,35.2598],[135.0989,35.2588],[135.1088,35.2663],[135.1127,35.264],[135.1228,35.2632],[135.1287,35.2607],[135.1373,35.2652],[135.1418,35.2623],[135.1474,35.264],[135.1573,35.2612],[135.162,35.2578],[135.1607,35.2569],[135.1612,35.2537],[135.166,35.2463],[135.1669,35.2403],[135.162,35.2312],[135.1564,35.2298],[135.1547,35.2267],[135.1633,35.22],[135.171,35.2203],[135.1751,35.2146],[135.1823,35.2159],[135.1872,35.2113],[135.1888,35.2068],[135.1918,35.2042],[135.1971,35.203],[135.2001,35.1955],[135.1991,35.1936],[135.1929,35.1941],[135.1867,35.1902],[135.1901,35.1835],[135.1882,35.1814],[135.187,35.1726],[135.1949,35.1713],[135.1989,35.1684],[135.2003,35.1652],[135.2037,35.1647],[135.2056,35.161],[135.2133,35.1625],[135.2165,35.1616],[135.228,35.1653],[135.232,35.1775],[135.2364,35.1777],[135.2379,35.1763],[135.2575,35.1776],[135.26,35.1759],[135.2661,35.1755],[135.274,35.1773],[135.2767,35.1747],[135.2804,35.1749],[135.2833,35.1715],[135.2898,35.1718],[135.292,35.1605],[135.2881,35.1584],[135.2834,35.1509],[135.2784,35.1511],[135.2801,35.1468],[135.2878,35.1426],[135.2943,35.1416],[135.2972,35.1436],[135.3038,35.1428],[135.3153,35.1463],[135.324,35.1466],[135.327,35.1493],[135.3405,35.1501],[135.3408,35.1455],[135.3374,35.1439],[135.3399,35.141],[135.3397,35.1379],[135.3422,35.136],[135.3547,35.1367],[135.36,35.1321],[135.3682,35.1311],[135.3703,35.1322],[135.3726,35.129],[135.3898,35.1288],[135.3912,35.1265],[135.3859,35.1203],[135.3872,35.1165],[135.3934,35.1113],[135.3892,35.1083],[135.388,35.0971],[135.3905,35.0988],[135.3973,35.0959],[135.4043,35.0887],[135.4001,35.086],[135.3987,35.0817],[135.3997,35.0761],[135.3953,35.0756],[135.3922,35.0727],[135.3867,35.0725],[135.3783,35.0673],[135.3765,35.0658],[135.3775,35.0611],[135.3717,35.0589],[135.3687,35.0549],[135.3712,35.0453],[135.3762,35.044],[135.3802,35.0387],[135.3819,35.0266],[135.3777,35.0205]],[[134.9485,35.4123],[134.9548,35.4085],[134.9592,35.4091],[134.9639,35.4063]],[[134.9641,35.406],[134.9651,35.4034],[134.9709,35.399],[134.9808,35.3984],[134.9855,35.3962],[134.9887,35.3931],[134.9871,35.3889],[134.9908,35.3856],[135.002,35.3871],[135.0055,35.3908],[135.0119,35.3917],[135.0143,35.3942],[135.0159,35.3931],[135.0192,35.3941],[135.0233,35.4007],[135.0292,35.4052]],[[135.0297,35.4056],[135.03,35.4101],[135.0492,35.4077],[135.0502,35.4199],[135.0471,35.4234],[135.0484,35.4263],[135.0469,35.4276],[135.0493,35.4398],[135.0518,35.4426],[135.0498,35.4511],[135.0453,35.4553],[135.0434,35.462],[135.0446,35.4638],[135.0414,35.4681],[135.041,35.4735],[135.0353,35.475],[135.0356,35.4801],[135.0403,35.4821],[135.0422,35.4941],[135.0322,35.4972],[135.0379,35.5025],[135.0412,35.5036],[135.045,35.5083],[135.0429,35.5112],[135.0436,35.5181],[135.0406,35.5221],[135.0393,35.5287],[135.0362,35.5306],[135.0367,35.5389],[135.0298,35.5403],[135.0216,35.5385]],[[135.571,34.966],[135.5736,34.9609],[135.5784,34.9605],[135.5786,34.9559],[135.5685,34.9548],[135.5666,34.9529],[135.5633,34.9537]],[[135.5631,34.9537],[135.5612,34.9467],[135.5624,34.9438],[135.5572,34.9387],[135.5586,34.9373],[135.5573,34.9351],[135.5581,34.9329],[135.5596,34.9339],[135.5586,34.935],[135.5597,34.9368],[135.5622,34.9383],[135.5624,34.9416],[135.5647,34.9424],[135.5656,34.9374],[135.5628,34.9334],[135.5647,34.933],[135.5674,34.9368],[135.5718,34.9391],[135.5765,34.9388],[135.5814,34.9367],[135.581,34.928]],[[135.5814,34.9276],[135.5813,34.9225],[135.5725,34.9164],[135.5603,34.9179],[135.5533,34.9155],[135.5495,34.9186],[135.5485,34.9168],[135.5442,34.9175],[135.5413,34.9152],[135.536,34.9207],[135.538,34.9255],[135.525,34.9289],[135.5211,34.9335],[135.517,34.9338],[135.5149,34.9372],[135.5146,34.9441],[135.5108,34.9438],[135.5042,34.9464],[135.4997,34.9413],[135.4946,34.9408],[135.4904,34.9418],[135.4885,34.9463],[135.4811,34.9497],[135.4873,34.9572],[135.4853,34.9573],[135.4845,34.9604],[135.4812,34.9624],[135.4819,34.9652],[135.4837,34.9647],[135.4871,34.9668],[135.4863,34.9639],[135.4909,34.968],[135.4883,34.9673],[135.4874,34.9754],[135.4832,34.982],[135.4875,34.9858],[135.4931,34.9877],[135.4931,34.9891],[135.4889,34.99],[135.4867,34.9926],[135.4829,34.9928],[135.4817,34.9952],[135.4712,34.9948],[135.4599,35.0016],[135.452,35.0018],[135.4402,35.0077],[135.4333,35.0079],[135.4214,35.0021],[135.4183,35.0029],[135.4099,35.0115],[135.4034,35.0067],[135.3976,35.0106],[135.394,35.0087],[135.3892,35.0114],[135.3817,35.0102],[135.3777,35.0203]],[[135.6946,34.8505],[135.6951,34.8481],[135.7023,34.8517],[135.7075,34.8495],[135.7102,34.8466],[135.7111,34.8413],[135.7157,34.8379],[135.7194,34.8309]],[[135.7286,34.778],[135.7308,34.7699],[135.7303,34.7659],[135.7322,34.764],[135.7321,34.7571],[135.7333,34.7548],[135.7366,34.7553],[135.7364,34.75],[135.7472,34.7465],[135.749,34.7415],[135.757,34.7361],[135.7553,34.7341],[135.7552,34.7277],[135.7705,34.7252]],[[135.7286,34.778],[135.738,34.7873]],[[135.7286,34.778],[135.7265,34.7758],[135.7212,34.7744],[135.7159,34.7798],[135.7119,34.7814],[135.7097,34.7804],[135.7098,34.7774],[135.7066,34.7723],[135.7101,34.7714],[135.7084,34.7667],[135.7102,34.7608],[135.7089,34.7591],[135.7101,34.7536],[135.7067,34.7485],[135.7021,34.7508],[135.698,34.7497],[135.6992,34.7457],[135.6968,34.744],[135.7001,34.7356],[135.6998,34.732],[135.7041,34.7238],[135.6974,34.7204],[135.6876,34.7114],[135.6815,34.7105],[135.6731,34.7019],[135.674,34.6976]],[[135.7389,34.7877],[135.7408,34.7885],[135.7395,34.7909],[135.7405,34.7933],[135.7432,34.7937],[135.746,34.7987],[135.7459,34.8039],[135.7429,34.8054],[135.7369,34.8135],[135.735,34.82],[135.7319,34.8227],[135.7243,34.8232],[135.7223,34.8281],[135.7199,34.8295]],[[135.7195,34.8297],[135.7193,34.8304]],[[135.0209,35.5383],[135.0154,35.5374],[135.008,35.5336],[135.0048,35.5357],[134.9931,35.5342],[134.9884,35.5296],[134.982,35.5285],[134.9793,35.524],[134.9717,35.5242],[134.9653,35.5199],[134.9641,35.5155],[134.9605,35.5129],[134.9583,35.5129],[134.9542,35.5162],[134.9526,35.5145],[134.9443,35.5138]],[[134.9439,35.5135],[134.9374,35.5127]],[[134.9367,35.5125],[134.9269,35.5125],[134.9233,35.5164],[134.9232,35.5217],[134.9151,35.5277],[134.9181,35.5308],[134.9175,35.5358],[134.9193,35.5381],[134.918,35.5409],[134.9149,35.5418],[134.9146,35.5453],[134.9074,35.5467],[134.9067,35.5484],[134.9031,35.5494],[134.9009,35.5561],[134.8929,35.559],[134.8908,35.5613],[134.8874,35.5602],[134.8811,35.564],[134.8812,35.5674],[134.8758,35.574],[134.872,35.5764],[134.8677,35.5762],[134.869,35.5798],[134.8624,35.584],[134.8626,35.5871],[134.8561,35.5866],[134.8541,35.5885],[134.8564,35.5918],[134.8552,35.5933],[134.8604,35.5945],[134.8654,35.599],[134.8671,35.611]],[[134.867,35.6114],[134.8664,35.6134],[134.8707,35.6148],[134.8739,35.6209],[134.8703,35.6314],[134.8713,35.6364],[134.8674,35.6361],[134.8658,35.6381],[134.8671,35.6414],[134.8658,35.6455],[134.8677,35.6497],[134.8641,35.6517],[134.8675,35.6582]],[[135.3712,35.0453],[135.3671,35.0441],[135.3617,35.0465],[135.3593,35.0502],[135.35,35.0512],[135.3488,35.0459],[135.3417,35.0431],[135.3381,35.0436],[135.3327,35.0373]],[[135.7873,34.7245],[135.795,34.7236],[135.7963,34.7205],[135.7991,34.7231],[135.8037,34.7219],[135.8052,34.7183],[135.8124,34.7173],[135.8119,34.715],[135.8102,34.7145],[135.8144,34.7149],[135.8198,34.7117],[135.8244,34.7135],[135.8279,34.7123],[135.832,34.7134],[135.8391,34.7118],[135.8419,34.7092],[135.8493,34.7083],[135.849,34.706],[135.8633,34.7062],[135.866,34.7096],[135.876,34.7139],[135.8775,34.7123],[135.8812,34.7141],[135.8852,34.7136],[135.8902,34.7083],[135.8922,34.7181],[135.8953,34.7248],[135.8973,34.7258],[135.8974,34.7309],[135.9026,34.7324],[135.9032,34.7363],[135.9055,34.7369],[135.9116,34.7436],[135.9162,34.7537],[135.921,34.753],[135.9244,34.7577],[135.9289,34.7569],[135.9279,34.7555]],[[135.7872,34.7243],[135.7781,34.7233]],[[135.9586,34.7403],[135.9622,34.74],[135.9659,34.7432],[135.9696,34.7405],[135.9719,34.7421],[135.9744,34.7408]],[[135.9585,34.7404],[135.958,34.7444],[135.9546,34.7483],[135.944,34.7415],[135.9427,34.7374],[135.9368,34.7402],[135.9325,34.7376],[135.9305,34.7382]],[[135.9301,34.7385],[135.9234,34.7421],[135.9232,34.7451],[135.929,34.7521],[135.9276,34.7552]],[[135.7781,34.7232],[135.7735,34.7242],[135.7737,34.7257],[135.7706,34.7251]],[[136.0337,34.7161],[136.0288,34.7131],[136.0278,34.71],[136.0288,34.7063],[136.0268,34.7061],[136.0194,34.7086],[136.0134,34.7079],[136.0135,34.713],[136.0094,34.7166],[136.0048,34.7173],[135.9996,34.7129],[135.9918,34.7122],[135.9925,34.7145],[135.9863,34.7152],[135.9862,34.7177]],[[135.9857,34.7182],[135.9861,34.7265],[135.9828,34.7315],[135.9838,34.7342],[135.9814,34.7349],[135.9807,34.7373],[135.9774,34.7377],[135.9762,34.7411],[135.9746,34.7405]],[[135.4073,34.6971],[135.4129,34.702],[135.4252,34.7062],[135.4301,34.7118],[135.4462,34.7183],[135.4481,34.7217],[135.4456,34.7284],[135.4474,34.7334],[135.4531,34.7344],[135.4603,34.7331],[135.4585,34.7361],[135.4602,34.7479]],[[135.4598,34.7488],[135.4593,34.7521],[135.4566,34.7518],[135.4564,34.7602],[135.4517,34.7583],[135.45,34.7603],[135.4505,34.7662],[135.4477,34.7685],[135.4447,34.7685],[135.4462,34.7772],[135.4438,34.7842],[135.4423,34.7845],[135.4416,34.7896],[135.4429,34.7893],[135.4413,34.7907],[135.4428,34.7912],[135.4385,34.792],[135.4341,34.7966],[135.4344,34.7982],[135.4312,34.7985],[135.4286,34.8032],[135.4237,34.8021],[135.416,34.8177],[135.4162,34.8205],[135.4236,34.8292],[135.4243,34.8366],[135.4209,34.8464],[135.4169,34.8522],[135.4246,34.8524],[135.4304,34.8555],[135.4316,34.8577]],[[135.4316,34.8579],[135.4301,34.8613],[135.4342,34.8683],[135.4346,34.8735],[135.4376,34.877],[135.4383,34.8824]],[[135.6642,34.6433],[135.6626,34.6403],[135.663,34.6359],[135.6612,34.6357],[135.6634,34.6333],[135.6632,34.6295],[135.6589,34.6232],[135.6578,34.6164],[135.6591,34.6148],[135.6566,34.6115],[135.651,34.61],[135.6501,34.6078],[135.653,34.6033],[135.6612,34.6019],[135.6716,34.6037],[135.6758,34.6017],[135.6749,34.5997],[135.678,34.5939],[135.6776,34.5912],[135.6792,34.5912],[135.6772,34.5888],[135.6818,34.5848],[135.6807,34.5824],[135.6755,34.5796],[135.6715,34.5799],[135.6721,34.5771],[135.6707,34.575],[135.673,34.5706],[135.665,34.5679],[135.6569,34.5623],[135.6573,34.5564],[135.6544,34.554],[135.6565,34.5537],[135.6558,34.5492],[135.6503,34.5442],[135.6535,34.5414],[135.6595,34.5439],[135.6595,34.5391],[135.6616,34.5368],[135.6628,34.5296]],[[135.6511,34.3832],[135.6547,34.3838],[135.6597,34.3915],[135.6627,34.3933],[135.6638,34.3973],[135.6704,34.3984]],[[135.6511,34.3832],[135.639,34.3835],[135.639,34.3822],[135.6362,34.3815],[135.6197,34.3845],[135.6137,34.3766],[135.6043,34.3773],[135.6014,34.3801],[135.5977,34.3804],[135.5959,34.3792],[135.5951,34.3755],[135.5931,34.3748],[135.583,34.377],[135.5771,34.376],[135.5724,34.3719],[135.5669,34.3718],[135.5634,34.3693],[135.5547,34.3595],[135.5516,34.3597],[135.5474,34.3566],[135.5397,34.3575],[135.5342,34.3519],[135.5271,34.3512],[135.512,34.3383],[135.5066,34.3363],[135.5035,34.3365],[135.5023,34.3382],[135.5049,34.3413],[135.5023,34.3451],[135.5036,34.3469],[135.5016,34.3503],[135.4988,34.3503],[135.4977,34.3524],[135.4899,34.3553],[135.4854,34.3628],[135.4793,34.3581]],[[135.6511,34.3832],[135.6515,34.3792],[135.6553,34.3719],[135.6558,34.3662],[135.6635,34.3554],[135.662,34.3501],[135.6629,34.3469],[135.6608,34.3448],[135.6623,34.3436],[135.6604,34.3407],[135.6615,34.338],[135.6598,34.3373],[135.659,34.3329],[135.6601,34.3269],[135.6661,34.3267],[135.6685,34.3245],[135.6676,34.3192],[135.669,34.3185],[135.668,34.318],[135.6691,34.3152],[135.6673,34.3119],[135.6657,34.3122],[135.667,34.3114],[135.6666,34.3083],[135.669,34.3067],[135.667,34.3051],[135.669,34.3037],[135.6672,34.3006],[135.6688,34.3008],[135.6692,34.2969],[135.6722,34.2961],[135.671,34.295],[135.6755,34.2901],[135.6727,34.2816],[135.6768,34.2778],[135.6771,34.2746],[135.6804,34.2735],[135.6794,34.2723],[135.6812,34.2717],[135.6808,34.2706],[135.6893,34.2716],[135.6925,34.2783],[135.7009,34.2754],[135.7038,34.2716],[135.7086,34.2718],[135.7083,34.2686],[135.7141,34.2652],[135.7162,34.2656],[135.7194,34.2604],[135.7201,34.2499],[135.7237,34.2428],[135.7235,34.2398],[135.7288,34.235],[135.7302,34.2283],[135.7275,34.224],[135.7274,34.2206],[135.7229,34.2196],[135.7177,34.2149],[135.7136,34.2145],[135.708,34.2082],[135.7018,34.2123],[135.6978,34.2118],[135.6939,34.2171],[135.6879,34.2173],[135.6833,34.2219],[135.6784,34.2233],[135.6678,34.2242],[135.6627,34.2185],[135.6553,34.2163],[135.6481,34.219],[135.6413,34.2137],[135.6411,34.2092],[135.6344,34.2045],[135.6354,34.2025],[135.6341,34.1983],[135.6413,34.1915],[135.6451,34.1907],[135.6418,34.1829],[135.6383,34.1814],[135.6376,34.1793],[135.6286,34.1769],[135.6233,34.1697],[135.6205,34.1684],[135.623,34.1627],[135.6219,34.1584],[135.6168,34.1559],[135.6047,34.1544],[135.5936,34.1487],[135.5903,34.1487],[135.5852,34.1409],[135.5857,34.139]],[[135.4782,34.3564],[135.4777,34.3534],[135.4722,34.3528],[135.4657,34.3473],[135.4576,34.3473],[135.4534,34.3499],[135.4418,34.3474],[135.4355,34.3487],[135.4287,34.3456],[135.4269,34.341],[135.425,34.34],[135.4161,34.3398],[135.4091,34.3419],[135.4056,34.3339],[135.3991,34.3325],[135.397,34.3304],[135.3908,34.333],[135.3882,34.3324],[135.3868,34.3291],[135.3803,34.3284],[135.3755,34.331],[135.3714,34.3301],[135.3682,34.3312],[135.3625,34.3289],[135.3576,34.3334],[135.3459,34.3305],[135.3422,34.3351],[135.3382,34.3353],[135.3391,34.3294],[135.3344,34.3256],[135.328,34.324],[135.3305,34.3167],[135.3242,34.3191],[135.3114,34.3136],[135.304,34.3137],[135.3045,34.3099],[135.3025,34.3047],[135.2929,34.2992],[135.2879,34.3049],[135.2863,34.3134],[135.2828,34.3179],[135.2723,34.312],[135.2617,34.3125],[135.2579,34.3157],[135.249,34.3144],[135.2355,34.3036],[135.225,34.3009],[135.2197,34.305],[135.2159,34.305],[135.208,34.3082],[135.2085,34.3028],[135.2043,34.2979],[135.2052,34.2883],[135.1996,34.2875]],[[135.4385,34.8827],[135.4409,34.8905],[135.4439,34.8912],[135.4457,34.8977],[135.4428,34.8986],[135.4338,34.893]],[[135.6738,34.6967],[135.673,34.6914]],[[135.6731,34.6911],[135.6781,34.6844],[135.6787,34.6777],[135.671,34.6667],[135.6701,34.6629],[135.6712,34.6611],[135.6694,34.6571],[135.6648,34.6525],[135.6642,34.65],[135.6658,34.6489],[135.6643,34.6433]],[[135.4336,34.8923],[135.4305,34.8927],[135.4324,34.896],[135.4272,34.906],[135.4198,34.9065],[135.4191,34.9098],[135.4236,34.9112],[135.4256,34.9143],[135.4351,34.9171],[135.4393,34.9205],[135.4514,34.9199],[135.4566,34.9179],[135.4636,34.9183],[135.4661,34.9206],[135.4661,34.9246],[135.4686,34.9255],[135.4672,34.9288],[135.4654,34.9282]],[[135.4649,34.9279],[135.4609,34.9263],[135.457,34.9292],[135.4525,34.9298],[135.4491,34.9345],[135.4418,34.9394],[135.4385,34.9369],[135.4333,34.9381],[135.427,34.9371],[135.4227,34.9344]],[[135.4223,34.9343],[135.4184,34.934],[135.4169,34.938],[135.4175,34.9418],[135.4146,34.9406]],[[135.4131,34.9405],[135.4104,34.9399],[135.4094,34.9416],[135.4113,34.9419]],[[135.4119,34.9422],[135.4118,34.944],[135.4087,34.9455],[135.4113,34.9439],[135.4107,34.9427],[135.3957,34.9444],[135.3922,34.9417]],[[135.3917,34.9424],[135.3885,34.944],[135.3876,34.9509],[135.3826,34.956],[135.3777,34.9552],[135.3759,34.9563],[135.3732,34.9535],[135.3677,34.9562],[135.3607,34.9544],[135.3582,34.9559],[135.354,34.9628],[135.3456,34.9658],[135.3505,34.9802],[135.3525,34.9795],[135.3595,34.9824],[135.3526,34.9904],[135.3539,34.9919],[135.3528,34.9936],[135.3536,35.0008],[135.3515,35.0043],[135.3547,35.0066],[135.3534,35.0118],[135.3558,35.0165],[135.3547,35.0248],[135.3492,35.0269],[135.3398,35.0259],[135.3363,35.0329],[135.3336,35.0352],[135.3302,35.0352],[135.3324,35.037]],[[135.1994,34.2876],[135.1964,34.286],[135.1916,34.2865],[135.1897,34.2828],[135.1874,34.283],[135.1843,34.2788],[135.1673,34.28],[135.1574,34.2771],[135.1533,34.2743],[135.1523,34.2747],[135.1548,34.281],[135.1476,34.2839],[135.1434,34.2804],[135.1396,34.2819],[135.1366,34.2735],[135.1312,34.2725],[135.1257,34.2775],[135.1208,34.2738],[135.117,34.2731],[135.1139,34.2744],[135.1114,34.2718],[135.1074,34.2785],[135.1085,34.2842],[135.1014,34.2858],[135.0986,34.2892],[135.0991,34.2946],[135.0968,34.2966],[135.1064,34.3058],[135.1061,34.3086],[135.1034,34.3111],[135.0971,34.3079],[135.0928,34.312]],[[135.663,34.5296],[135.6701,34.5306],[135.6772,34.525],[135.6758,34.5222],[135.6774,34.5182],[135.6775,34.5096],[135.6759,34.5086],[135.6769,34.5068],[135.673,34.5028],[135.6783,34.4995],[135.6803,34.4894],[135.6847,34.4854],[135.6841,34.4825],[135.6812,34.4802],[135.6834,34.4761],[135.6832,34.4703]],[[135.6832,34.4699],[135.6824,34.456],[135.6868,34.4522],[135.6868,34.449],[135.6811,34.4422],[135.6816,34.4381],[135.6772,34.4313]],[[135.6771,34.431],[135.6723,34.4259],[135.669,34.4269],[135.6643,34.4233],[135.6661,34.4225],[135.6661,34.4186],[135.6694,34.4137],[135.6725,34.4126],[135.6776,34.4137],[135.6801,34.4092],[135.676,34.4056],[135.6764,34.4008]],[[135.6763,34.4005],[135.6711,34.3985]],[[134.3217,34.7219],[134.321,34.7292],[134.3238,34.7323],[134.3207,34.7356],[134.3169,34.7352],[134.313,34.7384],[134.3166,34.7441],[134.3184,34.7563],[134.3215,34.7617],[134.3278,34.7642],[134.3274,34.7666],[134.3305,34.7675],[134.3332,34.7657],[134.3348,34.7691],[134.331,34.7706],[134.3294,34.7743],[134.323,34.7743],[134.3202,34.7759],[134.3203,34.7774],[134.3178,34.778],[134.3158,34.781],[134.3194,34.7873],[134.316,34.792],[134.3182,34.7933],[134.3165,34.7972],[134.3171,34.802],[134.3108,34.8027],[134.3063,34.8086],[134.3073,34.8112],[134.3021,34.8147],[134.2981,34.8136],[134.2953,34.8186],[134.2934,34.8185]],[[134.3948,35.1912],[134.3997,35.1876],[134.4111,35.187],[134.4121,35.1855],[134.4127,35.1779],[134.4071,35.1699],[134.4061,35.1656],[134.4111,35.1627],[134.4132,35.1586],[134.412,35.1526],[134.407,35.1473],[134.3943,35.1527],[134.3883,35.1513],[134.3831,35.1525],[134.3793,35.1491],[134.3749,35.151],[134.3711,35.1475],[134.3674,35.147],[134.3624,35.14],[134.3618,35.1375],[134.3633,35.1355],[134.3602,35.134],[134.3605,35.1293],[134.3562,35.1244],[134.3602,35.123],[134.3607,35.1201],[134.3529,35.1133],[134.3524,35.1064],[134.3551,35.0992],[134.3512,35.0964],[134.3498,35.0903],[134.3469,35.091],[134.3402,35.0887],[134.3372,35.0914],[134.3366,35.0889],[134.3327,35.0861],[134.3313,35.0874],[134.3189,35.0833],[134.3217,35.0688],[134.3172,35.0656],[134.3145,35.0609],[134.3143,35.0506],[134.3172,35.047],[134.3169,35.0435],[134.3078,35.0459],[134.3063,35.0439],[134.3076,35.0416],[134.3057,35.0403],[134.2973,35.0431],[134.2928,35.0394],[134.2925,35.0375],[134.2866,35.0364],[134.2844,35.038],[134.282,35.0374],[134.2808,35.036],[134.2816,35.0336],[134.2755,35.0235],[134.2676,35.0215],[134.2686,35.018],[134.2644,35.0164],[134.2653,35.014],[134.2686,35.0124],[134.2655,35.0131],[134.2634,35.0113],[134.2657,35.0107],[134.2667,35.0082],[134.2653,35.0053],[134.2769,35.0008],[134.2786,35.0014],[134.2822,34.9967],[134.2867,34.9961],[134.279,34.9911],[134.2776,34.9868],[134.2729,34.9863],[134.2706,34.9833],[134.2696,34.9786],[134.277,34.9768],[134.2746,34.9714],[134.275,34.9686],[134.2733,34.9674],[134.277,34.9632],[134.2693,34.9588]],[[134.3946,35.1914],[134.3829,35.1945],[134.3836,35.1991],[134.3799,35.21],[134.3822,35.2169],[134.3811,35.2186],[134.3824,35.2216],[134.3856,35.2237],[134.3884,35.2236],[134.397,35.2276],[134.3969,35.2304],[134.4028,35.241],[134.4228,35.2372],[134.4273,35.2317],[134.435,35.2292],[134.4401,35.2315],[134.4439,35.2368],[134.4473,35.2378],[134.4635,35.2368],[134.4619,35.2441],[134.4684,35.2463],[134.4714,35.2493],[134.4775,35.2495],[134.4822,35.2542],[134.4834,35.2599],[134.4863,35.2627],[134.49,35.2614],[134.4951,35.2669],[134.502,35.2687],[134.5153,35.2782]],[[134.4028,35.241],[134.4016,35.2461],[134.398,35.2503],[134.3933,35.2527],[134.3814,35.2489],[134.3785,35.2464],[134.3732,35.2459],[134.3748,35.2375],[134.3688,35.2316],[134.3548,35.2267],[134.3504,35.2228],[134.3374,35.2201],[134.3349,35.213],[134.332,35.2123],[134.32,35.2014],[134.3167,35.2023],[134.3134,35.2006],[134.3017,35.2022],[134.2935,35.1992],[134.2916,35.2001],[134.2785,35.1969],[134.2746,35.2005],[134.2707,35.2011],[134.2685,35.2039],[134.268,35.2084],[134.2635,35.2088],[134.2605,35.211],[134.2541,35.2083],[134.2494,35.2005],[134.2426,35.1983],[134.2347,35.1993],[134.2297,35.1972]],[[134.5153,35.2788],[134.5125,35.2823],[134.5131,35.2865],[134.5093,35.2938],[134.5117,35.3002],[134.5116,35.3053],[134.5148,35.3077],[134.5034,35.3185],[134.5041,35.3211],[134.5019,35.3263],[134.5045,35.3373],[134.5097,35.3428],[134.5102,35.3507],[134.513,35.3513],[134.5139,35.3536],[134.5043,35.3596],[134.5029,35.366],[134.489,35.3679],[134.4828,35.3731],[134.4747,35.3747],[134.4723,35.3782],[134.4714,35.3808],[134.4744,35.3861],[134.4738,35.3913],[134.4776,35.3954],[134.4774,35.4001],[134.4805,35.4031],[134.4797,35.4063],[134.4815,35.4102],[134.4767,35.4142],[134.4783,35.4211],[134.4759,35.4234],[134.4799,35.425],[134.4801,35.427],[134.4714,35.4303],[134.4697,35.4336],[134.4662,35.433],[134.4658,35.435],[134.4627,35.4368],[134.4524,35.4364],[134.4478,35.4388],[134.4461,35.442],[134.44,35.4429],[134.4375,35.4568],[134.4382,35.4612],[134.4347,35.4634],[134.4337,35.4663],[134.4351,35.4667],[134.4343,35.4706],[134.4379,35.474],[134.4381,35.4762],[134.4358,35.4781],[134.4274,35.4966],[134.4282,35.5],[134.4309,35.5025],[134.4276,35.5087],[134.4244,35.5087],[134.4185,35.5141],[134.4127,35.5148],[134.4174,35.525],[134.4203,35.5274],[134.42,35.5332],[134.4233,35.5346],[134.4226,35.5372],[134.4256,35.5418],[134.4209,35.5447],[134.4251,35.5519],[134.4226,35.5556],[134.4217,35.5628],[134.4146,35.5641],[134.41,35.5628],[134.4051,35.5703],[134.4072,35.579],[134.4056,35.5844],[134.4083,35.5891],[134.4052,35.5898],[134.4009,35.5956],[134.3931,35.5981],[134.3931,35.6014],[134.3869,35.6039],[134.3816,35.6033],[134.3748,35.6083],[134.3713,35.6087],[134.3699,35.6146]],[[134.2931,34.8186],[134.2879,34.8216],[134.2884,34.8282],[134.2872,34.8289],[134.2825,34.8298],[134.2749,34.8286],[134.2725,34.8265],[134.2701,34.8274],[134.2663,34.8256],[134.2622,34.8292],[134.2617,34.8311],[134.2633,34.833],[134.2618,34.8358],[134.2652,34.838],[134.2653,34.8404],[134.2619,34.8435],[134.2627,34.8457],[134.2589,34.8468],[134.2577,34.8488],[134.2555,34.8483],[134.2527,34.8519],[134.2539,34.8568],[134.256,34.8585],[134.2553,34.8599],[134.2585,34.8626],[134.2602,34.8673],[134.2589,34.8702],[134.2634,34.8711],[134.2671,34.8754],[134.2627,34.8809],[134.2632,34.8846]],[[134.2634,34.8848],[134.27,34.8836],[134.2687,34.8878],[134.2728,34.8903],[134.2736,34.8927],[134.278,34.8952],[134.283,34.8952],[134.2843,34.8971],[134.289,34.8976],[134.2884,34.9004],[134.2949,34.904],[134.295,34.9075],[134.293,34.9082],[134.2929,34.9114],[134.2898,34.9108],[134.2874,34.9127],[134.2874,34.9153],[134.2839,34.9171],[134.2847,34.9208],[134.2782,34.9217],[134.2747,34.9244],[134.2761,34.9297],[134.2731,34.9326],[134.2691,34.934],[134.2674,34.9365],[134.2673,34.9354],[134.2648,34.937],[134.2632,34.9362],[134.2629,34.9377],[134.2588,34.934],[134.2584,34.9357],[134.2541,34.9377],[134.2543,34.9462],[134.2578,34.9478],[134.26,34.9523],[134.2665,34.9542],[134.2689,34.9583]],[[135.58,34.1213],[135.5783,34.1156],[135.5652,34.1126],[135.5573,34.1081],[135.5584,34.1034],[135.5473,34.1003],[135.5463,34.0979],[135.5488,34.0966],[135.5498,34.085],[135.5433,34.082],[135.5397,34.0754],[135.5471,34.0686],[135.5513,34.0684],[135.5525,34.0653],[135.5634,34.0634],[135.5671,34.0573],[135.5746,34.0589],[135.5805,34.0579],[135.5849,34.0496],[135.5944,34.0443],[135.5958,34.0368],[135.5997,34.0318],[135.5948,34.0278],[135.5954,34.0236],[135.5915,34.0196],[135.5936,34.0133],[135.5959,34.0116],[135.6085,34.0136],[135.6121,34.0101],[135.6218,34.0098],[135.6252,34.0074],[135.6235,34.0024],[135.6243,34],[135.6289,33.9979],[135.6304,33.9911],[135.6362,33.9908],[135.6389,33.9843],[135.6376,33.9762],[135.6399,33.9733],[135.6402,33.9659],[135.6368,33.9597]],[[135.5801,34.1217],[135.5848,34.1324],[135.5853,34.1387]],[[135.6266,33.8839],[135.6263,33.8874],[135.623,33.8927],[135.6228,33.8981],[135.6195,33.8994],[135.6062,33.8991],[135.6011,33.9026],[135.6019,33.9052],[135.6,33.9084],[135.6104,33.913],[135.6108,33.9187],[135.6141,33.9257],[135.6128,33.9298],[135.6095,33.9321],[135.6112,33.9369],[135.6172,33.9375],[135.6186,33.9442],[135.6154,33.9484],[135.6169,33.9538],[135.6183,33.9547],[135.6232,33.9529],[135.6255,33.9501],[135.6313,33.949],[135.6369,33.9505],[135.6362,33.9593]],[[135.9567,33.9809],[135.9476,33.9808],[135.9421,33.9762]],[[133.3213,35.4054],[133.3217,35.4004],[133.3198,35.3993],[133.3212,35.3957],[133.3151,35.3918],[133.3136,35.3873],[133.3159,35.387],[133.3156,35.3856],[133.319,35.3835],[133.3237,35.3774],[133.3245,35.374],[133.3212,35.3725],[133.3185,35.3733],[133.3193,35.369],[133.316,35.3655],[133.3077,35.3658],[133.3005,35.3537],[133.296,35.3494],[133.2952,35.3408],[133.2972,35.3379],[133.2956,35.3286],[133.2986,35.3251],[133.2925,35.3207],[133.3023,35.3056],[133.307,35.3034],[133.2995,35.2917],[133.3074,35.2818],[133.3087,35.272]],[[133.3214,35.4061],[133.32,35.4116],[133.3087,35.4309],[133.3007,35.4363],[133.272,35.446],[133.2359,35.4708]],[[133.2356,35.471],[133.2225,35.4802],[133.2142,35.4991]],[[133.2141,35.4993],[133.2074,35.5113]],[[133.2061,35.5133],[133.1985,35.5263],[133.1981,35.5287],[133.201,35.5352],[133.2219,35.5476],[133.2338,35.5494],[133.2446,35.5491]],[[134.2282,35.1973],[134.2256,35.1954],[134.2259,35.1932],[134.2231,35.1927],[134.2216,35.1904],[134.2165,35.1895],[134.2128,35.1908],[134.2028,35.1888],[134.199,35.1906],[134.1931,35.1889],[134.1937,35.1843],[134.1907,35.1801],[134.1901,35.1761],[134.1777,35.1692],[134.1675,35.1718],[134.1689,35.1802],[134.1656,35.1873],[134.1529,35.1963],[134.1549,35.207],[134.159,35.2111],[134.1635,35.2196],[134.1616,35.2232],[134.1642,35.228],[134.1582,35.2346],[134.1445,35.2313],[134.1373,35.2387],[134.1404,35.2414],[134.1454,35.2428],[134.1438,35.2445],[134.143,35.2507],[134.1506,35.258],[134.1499,35.2602],[134.1455,35.2611],[134.146,35.2622],[134.1422,35.2639],[134.1401,35.2682],[134.1377,35.2693],[134.1381,35.2727],[134.1413,35.2747],[134.1398,35.2788],[134.1343,35.2832],[134.1311,35.2801],[134.1271,35.2801],[134.1157,35.2835],[134.1137,35.285],[134.1141,35.2885],[134.1029,35.2962],[134.1024,35.3001],[134.0991,35.3014],[134.0978,35.3057],[134.0939,35.3065],[134.0914,35.3052],[134.0864,35.3074],[134.0841,35.3028],[134.0751,35.3026],[134.0705,35.2991],[134.0702,35.2973],[134.062,35.3031],[134.0547,35.2982],[134.0518,35.2981],[134.0481,35.2985],[134.0423,35.3037],[134.0336,35.304],[134.0282,35.3078],[134.0213,35.3056],[134.0079,35.3083],[133.9994,35.3149],[134.0042,35.3253],[134.0119,35.3298],[134.0155,35.3341],[134.0114,35.3378],[134.0108,35.3404],[134.0159,35.3462],[134.0148,35.3504],[134.0095,35.3495],[134.008,35.3515],[133.9977,35.3529],[133.9925,35.3482],[133.9897,35.3486],[133.9798,35.3434],[133.9698,35.3479],[133.9557,35.342],[133.9538,35.3382],[133.9453,35.3326],[133.9352,35.3356],[133.93,35.3306],[133.9278,35.322],[133.9315,35.319],[133.932,35.3165],[133.9297,35.3121],[133.9261,35.3101],[133.9254,35.307],[133.9082,35.3072],[133.9064,35.3049],[133.8983,35.3044],[133.8965,35.3014],[133.8884,35.2975],[133.8878,35.2951],[133.8838,35.2951]],[[133.8837,35.2948],[133.8805,35.2939],[133.8767,35.2953],[133.8706,35.2924],[133.8621,35.2925],[133.861,35.2868],[133.8664,35.2847],[133.8641,35.2829],[133.8654,35.28],[133.8635,35.2771],[133.8659,35.2723],[133.8557,35.2682],[133.8532,35.2657],[133.8521,35.2621],[133.8438,35.2537],[133.8446,35.2495],[133.8393,35.2512],[133.8324,35.2488],[133.8264,35.2495],[133.818,35.2527],[133.8182,35.2592],[133.8154,35.2647],[133.8075,35.2704],[133.8093,35.2769],[133.8014,35.2848],[133.8018,35.2874],[133.799,35.2897],[133.8,35.2927],[133.7974,35.2941],[133.7898,35.2934],[133.7897,35.2976],[133.7869,35.2952],[133.7835,35.2948],[133.7824,35.2979],[133.7757,35.2996],[133.7696,35.3044],[133.7673,35.3084],[133.7633,35.3091],[133.7625,35.311],[133.757,35.3082],[133.7507,35.3114],[133.7487,35.3171],[133.7455,35.3194],[133.7423,35.3165],[133.7376,35.319],[133.7351,35.3185],[133.735,35.316],[133.7324,35.3174],[133.7276,35.3169],[133.7247,35.3197],[133.7172,35.3199],[133.709,35.3251],[133.7015,35.3248],[133.6968,35.3271],[133.6915,35.3239],[133.6912,35.3201],[133.6784,35.3189],[133.674,35.3234],[133.6696,35.3229],[133.6635,35.3252],[133.65,35.3361],[133.641,35.3366],[133.6385,35.3392],[133.6328,35.3398],[133.6222,35.3367],[133.6162,35.3409],[133.6056,35.341],[133.6032,35.3433],[133.5968,35.345],[133.5943,35.3406],[133.5884,35.337],[133.5892,35.3337],[133.5919,35.3329],[133.5924,35.3306],[133.5893,35.3288],[133.5902,35.3274],[133.5879,35.3249],[133.5828,35.3214],[133.5813,35.3169],[133.5768,35.3144],[133.5757,35.3052],[133.577,35.3018],[133.5757,35.3001],[133.5776,35.2973],[133.5739,35.2922],[133.5736,35.2887],[133.5705,35.2871],[133.5723,35.2812],[133.5687,35.2768],[133.5719,35.2726],[133.5668,35.2661],[133.5683,35.2591],[133.5667,35.2556]],[[133.3089,35.2718],[133.3106,35.2679],[133.3052,35.2659],[133.3025,35.2631],[133.2959,35.2642],[133.2917,35.2607],[133.282,35.2624],[133.2752,35.2578],[133.2641,35.2584],[133.2582,35.2614],[133.2523,35.2596],[133.2502,35.2565],[133.2457,35.2546],[133.2434,35.2504],[133.2401,35.2507],[133.2324,35.2466],[133.2278,35.2469],[133.2256,35.2496],[133.2226,35.2491],[133.2118,35.2416],[133.2034,35.2409]],[[133.2691,35.0577],[133.2725,35.0595],[133.2723,35.0615],[133.2769,35.0661],[133.2843,35.0654],[133.2908,35.0709],[133.2885,35.0751],[133.2889,35.0803],[133.2907,35.0829],[133.2902,35.0904],[133.2877,35.0941],[133.2909,35.0978],[133.2909,35.1004],[133.2931,35.1016],[133.2989,35.1039],[133.3028,35.0996],[133.3083,35.0994],[133.3104,35.0962],[133.3129,35.0982],[133.316,35.0976],[133.3196,35.0938],[133.3256,35.0935],[133.3331,35.0995],[133.3324,35.1013],[133.3382,35.1066],[133.3473,35.1056],[133.3549,35.1008],[133.3583,35.102],[133.3592,35.1044],[133.3625,35.1054],[133.3667,35.1102],[133.3701,35.1106],[133.373,35.113],[133.3811,35.115],[133.3857,35.1146],[133.3879,35.1127],[133.4,35.1151],[133.4034,35.1143],[133.406,35.1182],[133.4118,35.1211],[133.4128,35.1282],[133.4112,35.1388],[133.4051,35.1429],[133.4045,35.1487],[133.4002,35.1537],[133.4006,35.159],[133.398,35.1648],[133.3932,35.1677],[133.3969,35.1725],[133.3944,35.1761],[133.3965,35.1809],[133.4017,35.1814],[133.4074,35.1859],[133.4103,35.1841],[133.4157,35.1847],[133.421,35.1808],[133.4222,35.1761],[133.4283,35.1774],[133.4378,35.1731],[133.446,35.1729],[133.4479,35.1713],[133.4565,35.1731],[133.4598,35.1778],[133.4632,35.1779],[133.4678,35.1754],[133.4704,35.1775],[133.4721,35.177],[133.4747,35.182],[133.4826,35.1824],[133.4854,35.1864],[133.4897,35.1877],[133.4961,35.1867],[133.5006,35.1926],[133.5031,35.1917],[133.5077,35.1931],[133.5116,35.1897],[133.5162,35.1907],[133.5193,35.1828],[133.5262,35.1829],[133.5291,35.1872],[133.5261,35.1907],[133.5268,35.1939],[133.523,35.1965],[133.5235,35.1996],[133.5207,35.2057],[133.5224,35.2084],[133.5156,35.2203],[133.5113,35.2215],[133.507,35.2253],[133.5055,35.2282],[133.5078,35.2326],[133.5144,35.2354],[133.5167,35.2407],[133.526,35.2394],[133.5285,35.2366],[133.5348,35.2367],[133.5439,35.2432],[133.5483,35.2438],[133.5549,35.2418],[133.5574,35.2456],[133.5608,35.2467],[133.5624,35.2544],[133.5666,35.2556]],[[133.2691,35.0577],[133.2652,35.0618],[133.2608,35.0634],[133.2595,35.0671],[133.2554,35.0705],[133.2538,35.0752],[133.2496,35.079],[133.2439,35.0782],[133.2391,35.0795],[133.2358,35.0772],[133.2323,35.0774],[133.2334,35.0699],[133.2301,35.068],[133.218,35.0713],[133.2149,35.0739],[133.21,35.0742],[133.1777,35.0675]],[[133.2691,35.0577],[133.2668,35.053],[133.2692,35.0498],[133.2733,35.0479],[133.2746,35.0447],[133.2797,35.0413],[133.2852,35.0407],[133.2906,35.0364],[133.2957,35.0297],[133.2968,35.0248],[133.3032,35.0205],[133.3046,35.0153],[133.3156,35.0125],[133.3218,35.0061],[133.3194,35.0014],[133.3218,34.9885],[133.3202,34.9836],[133.3146,34.9817],[133.3108,34.9746],[133.3031,34.9721],[133.3049,34.965],[133.3013,34.9632],[133.3019,34.9605],[133.2972,34.9558],[133.308,34.9412],[133.3094,34.937],[133.3021,34.9294],[133.3048,34.9173],[133.3033,34.9133],[133.2975,34.9091]],[[133.1774,35.0677],[133.1732,35.0693],[133.1678,35.0676],[133.1631,35.0728]],[[133.1629,35.0728],[133.161,35.0742],[133.1583,35.0716],[133.1539,35.0719],[133.1527,35.069],[133.148,35.0668],[133.1463,35.0678],[133.1421,35.0647],[133.1399,35.0671]],[[133.1396,35.0672],[133.1362,35.0697],[133.1364,35.0743],[133.1414,35.0762],[133.1395,35.0793],[133.1423,35.0812],[133.1375,35.0851],[133.1381,35.0879],[133.1366,35.0906],[133.1385,35.0957],[133.141,35.0975],[133.1398,35.1],[133.1456,35.1053],[133.1442,35.1113],[133.1421,35.1127],[133.1402,35.1181],[133.1466,35.1236],[133.1451,35.1313],[133.1467,35.1356]],[[133.1364,35.0743],[133.1342,35.0762],[133.1288,35.0766]],[[133.1468,35.1359],[133.1486,35.1371],[133.1485,35.1401],[133.1552,35.1443],[133.1558,35.1481],[133.166,35.1491],[133.1703,35.1533],[133.1839,35.1567],[133.1886,35.1618],[133.1919,35.1627],[133.1949,35.1698],[133.1934,35.1727],[133.1938,35.1772],[133.1905,35.1803],[133.1894,35.1846],[133.1854,35.1851],[133.1821,35.188],[133.1847,35.1954],[133.1808,35.2027],[133.1736,35.2054],[133.172,35.2087],[133.1688,35.2094],[133.1639,35.2064],[133.1597,35.2066],[133.1582,35.204],[133.1526,35.2039],[133.151,35.2069],[133.1534,35.2098],[133.1514,35.2126],[133.1526,35.2191],[133.1551,35.2191],[133.1577,35.2223],[133.1621,35.2237],[133.1636,35.2228]],[[133.1641,35.2231],[133.1723,35.2273],[133.1718,35.2291],[133.1774,35.2304],[133.1817,35.2345],[133.1896,35.2368],[133.1924,35.2359],[133.1958,35.2384]],[[133.1961,35.2385],[133.2029,35.2409]],[[132.2959,34.7779],[132.2987,34.777],[132.3007,34.7847],[132.3067,34.7897],[132.3057,34.7932],[132.313,34.797],[132.3157,34.8014],[132.3181,34.8016],[132.3195,34.7974],[132.3234,34.7934],[132.3338,34.79],[132.3468,34.7934],[132.352,34.7981],[132.3564,34.7968],[132.3611,34.8002],[132.3743,34.801],[132.383,34.7949],[132.3814,34.7858],[132.3874,34.7827],[132.3928,34.7837],[132.3967,34.7794],[132.3989,34.781],[132.3991,34.7841],[132.4037,34.7867],[132.4068,34.7895],[132.4067,34.7915],[132.4146,34.7978],[132.4203,34.7973],[132.4248,34.7992],[132.4244,34.8069],[132.4209,34.8138],[132.4257,34.8125],[132.4299,34.8142],[132.4336,34.8176],[132.4339,34.82],[132.4366,34.821],[132.446,34.8152],[132.4463,34.8123],[132.4567,34.8074],[132.4567,34.8043],[132.4532,34.8028],[132.4543,34.8007],[132.4577,34.8025],[132.472,34.8023],[132.4753,34.7993],[132.4801,34.8],[132.4842,34.7971],[132.495,34.8014],[132.5067,34.7961]],[[132.2952,34.7784],[132.2898,34.7782],[132.2796,34.7842],[132.2793,34.7899],[132.2745,34.792],[132.2783,34.7967],[132.2781,34.799],[132.2731,34.7999],[132.2697,34.7983],[132.267,34.8028],[132.2607,34.805]],[[132.2606,34.8051],[132.2597,34.8068],[132.2558,34.8074],[132.247,34.8058],[132.2426,34.8067],[132.2405,34.8051],[132.2383,34.8016],[132.2392,34.7994],[132.2436,34.7988],[132.2418,34.7944],[132.2429,34.7896],[132.2412,34.7876],[132.2427,34.783],[132.236,34.7768],[132.2328,34.7761],[132.2344,34.7737],[132.2291,34.7733],[132.2286,34.7708],[132.2251,34.7699],[132.2269,34.7647],[132.2222,34.7603],[132.2247,34.7576],[132.2214,34.7524],[132.2224,34.7495],[132.2106,34.7449],[132.2025,34.7487],[132.1956,34.7443],[132.1965,34.7384],[132.1896,34.7353]],[[132.1895,34.7351],[132.1892,34.7336],[132.1847,34.7338],[132.178,34.7368],[132.174,34.7312]],[[132.1737,34.7312],[132.1625,34.7259]],[[132.1623,34.7256],[132.1554,34.723],[132.1512,34.7179],[132.1431,34.7161],[132.1418,34.713],[132.1432,34.7113],[132.1391,34.7094]],[[132.1389,34.7093],[132.1375,34.7096],[132.1358,34.7071],[132.1308,34.708],[132.132,34.7022],[132.1295,34.6994],[132.1358,34.6972],[132.137,34.6944],[132.1422,34.6916],[132.1444,34.694],[132.158,34.6926],[132.1611,34.6881],[132.1598,34.6847],[132.1619,34.6831],[132.1606,34.6815]],[[132.1599,34.6813],[132.1573,34.6814],[132.1549,34.679],[132.1554,34.6764],[132.1516,34.6714]],[[132.1511,34.6709],[132.1469,34.666],[132.1476,34.6621],[132.1454,34.6615],[132.1372,34.6519],[132.1362,34.6498],[132.1373,34.6483],[132.1335,34.6481],[132.1337,34.6441],[132.1277,34.6417],[132.1267,34.639],[132.1297,34.635]],[[132.1302,34.6347],[132.1307,34.629],[132.1267,34.6274],[132.1233,34.6237],[132.1217,34.6175],[132.1163,34.6125],[132.1176,34.6018],[132.1297,34.5955],[132.1245,34.5883]],[[132.1243,34.5878],[132.1245,34.5863]],[[132.1248,34.5855],[132.1255,34.5831],[132.1178,34.5781],[132.119,34.5723],[132.1139,34.5627],[132.1097,34.5614],[132.1071,34.5573],[132.1011,34.5556]],[[132.1005,34.5553],[132.0995,34.554]],[[132.0991,34.5534],[132.0957,34.5484],[132.0892,34.5448],[132.0882,34.5415],[132.084,34.5375],[132.0759,34.5369],[132.0743,34.5349],[132.0721,34.5349]],[[132.0716,34.5348],[132.0639,34.5341],[132.0626,34.5319]],[[132.0622,34.5318],[132.0578,34.5295],[132.0524,34.5303],[132.0477,34.5212],[132.049,34.5158],[132.0464,34.5117]],[[132.0459,34.5112],[132.0364,34.5013],[132.0391,34.4995],[132.0473,34.5003]],[[132.0474,34.5004],[132.053,34.4976]],[[132.0533,34.4974],[132.0599,34.4921],[132.0597,34.4891],[132.0574,34.4866],[132.0579,34.4805],[132.0614,34.4795],[132.0649,34.4759],[132.0686,34.4677],[132.0637,34.4689],[132.051,34.4661],[132.0474,34.4694],[132.0417,34.468],[132.0389,34.4689],[132.0349,34.4634],[132.0233,34.4612],[132.0221,34.4576],[132.019,34.4567],[132.0167,34.4534]],[[132.0686,34.4677],[132.0678,34.465],[132.071,34.4629],[132.0714,34.4583],[132.0754,34.4541],[132.081,34.4435],[132.0749,34.4319],[132.0751,34.4262],[132.0775,34.4258],[132.0739,34.4239],[132.0735,34.4194],[132.0688,34.4162],[132.0703,34.4099],[132.0735,34.4071],[132.0746,34.4024],[132.073,34.4016],[132.0734,34.3984],[132.0707,34.3958],[132.0722,34.3944],[132.0697,34.3911],[132.0773,34.3893],[132.0778,34.3879],[132.0725,34.3772],[132.0749,34.3737],[132.0704,34.371],[132.072,34.3651],[132.0698,34.3563],[132.0767,34.3555],[132.0853,34.3579],[132.0878,34.3519],[132.093,34.3514],[132.1014,34.3452],[132.101,34.3366],[132.1073,34.3281],[132.1098,34.3277],[132.1116,34.3302],[132.1192,34.3305],[132.1219,34.3336],[132.1273,34.333],[132.1269,34.3309],[132.1295,34.327],[132.1283,34.325],[132.1292,34.3223],[132.124,34.3198],[132.1248,34.3146],[132.1226,34.3104],[132.1248,34.306],[132.1294,34.3045],[132.1291,34.3026]],[[131.6985,34.646],[131.6964,34.6344],[131.6983,34.6318],[131.6942,34.6277],[131.6962,34.6229],[131.6948,34.6207],[131.7067,34.6129],[131.7102,34.6128],[131.7103,34.6145],[131.7184,34.6134],[131.7169,34.606],[131.7198,34.6007],[131.7174,34.5986],[131.7203,34.5917],[131.72,34.583],[131.7258,34.5801],[131.7276,34.5764],[131.7244,34.572],[131.7204,34.5725],[131.7169,34.5705],[131.7132,34.5628],[131.7062,34.5633],[131.7028,34.5651],[131.7054,34.5594],[131.7009,34.551],[131.7033,34.5503],[131.7056,34.5449],[131.7049,34.5415],[131.7008,34.5377],[131.7067,34.5329],[131.7014,34.5306],[131.6964,34.5248]],[[131.6989,34.6464],[131.7005,34.6492],[131.6968,34.6483],[131.6943,34.6497],[131.6965,34.6522],[131.6951,34.6562],[131.6887,34.6569],[131.6899,34.6632],[131.6844,34.6672],[131.6848,34.6696]],[[131.6853,34.6696],[131.6884,34.6718],[131.6906,34.681]],[[133.1278,35.0766],[133.1265,35.077],[133.1256,35.0813],[133.1222,35.084],[133.1137,35.0839],[133.113,35.0857],[133.1068,35.0824],[133.1022,35.0823],[133.0962,35.0854],[133.086,35.078],[133.0809,35.0808],[133.0712,35.0822]],[[133.0708,35.0819],[133.0685,35.0799],[133.06,35.0811],[133.0512,35.0696],[133.0437,35.0676],[133.0331,35.0682],[133.0314,35.0729],[133.0281,35.0736],[133.025,35.0775],[133.0164,35.0784],[133.0146,35.0815],[133.016,35.0819],[133.016,35.0858],[133.0144,35.0878],[133.0074,35.0905],[133.0035,35.0903],[133.0033,35.093],[133.0001,35.0972],[132.9924,35.0982],[132.9908,35.1013],[132.9824,35.0976],[132.9787,35.0913],[132.9798,35.0867],[132.9772,35.0861],[132.9747,35.083],[132.9657,35.0796],[132.9549,35.0782],[132.9505,35.0754],[132.9369,35.0812],[132.9341,35.084],[132.9261,35.0805],[132.9236,35.0843],[132.9106,35.0862]],[[132.9102,35.0862],[132.9086,35.0888]],[[132.9077,35.0899],[132.905,35.0917],[132.8998,35.1003],[132.8972,35.1016],[132.8974,35.1041],[132.8953,35.1048],[132.8835,35.1049],[132.8775,35.1016],[132.8732,35.1023],[132.8703,35.0991],[132.863,35.0969],[132.8609,35.0953],[132.8584,35.0889],[132.846,35.0809],[132.8447,35.0767],[132.8407,35.0743],[132.8393,35.0705],[132.8355,35.0692],[132.8281,35.0621],[132.8377,35.0502]],[[132.8376,35.05],[132.8367,35.0469],[132.831,35.0456],[132.8274,35.0471],[132.8137,35.0406],[132.8133,35.0359],[132.8097,35.0343],[132.811,35.0319],[132.8089,35.0286],[132.7886,35.0158],[132.7865,35.0089],[132.7879,35.0049],[132.7841,35.0038]],[[132.7834,35.0035],[132.7765,34.9985],[132.7656,34.9967],[132.7652,34.994],[132.7634,34.9929],[132.767,34.9912],[132.7653,34.9893],[132.7687,34.9839],[132.7643,34.983],[132.756,34.9773],[132.7487,34.9789],[132.7451,34.9768],[132.753,34.9668],[132.7494,34.966],[132.7509,34.9645],[132.7497,34.9603],[132.7437,34.9584],[132.7426,34.9563],[132.7406,34.9567],[132.7405,34.9607]],[[132.7405,34.961],[132.7386,34.9623],[132.7374,34.9597],[132.7277,34.9564],[132.726,34.9543],[132.7273,34.9527],[132.7204,34.948],[132.7171,34.9492],[132.7144,34.9534],[132.7118,34.9528],[132.7104,34.9545],[132.707,34.9551],[132.7021,34.9515],[132.6984,34.9536],[132.6963,34.9528]],[[132.6959,34.9532],[132.6851,34.9506],[132.6843,34.9459],[132.6798,34.9415],[132.6758,34.9326],[132.6666,34.9306],[132.6658,34.9277],[132.6609,34.9233],[132.6557,34.9232],[132.6514,34.9205],[132.6505,34.9165]],[[132.6501,34.9162],[132.6471,34.9104],[132.6428,34.909],[132.6412,34.9037],[132.634,34.9048],[132.6334,34.9012],[132.6349,34.8991],[132.6456,34.899],[132.6506,34.9008],[132.6557,34.8995],[132.6598,34.8914],[132.6636,34.8897],[132.6752,34.8945],[132.6788,34.8906],[132.6805,34.8845],[132.6877,34.8847],[132.6975,34.8824]],[[132.6993,34.8823],[132.702,34.8803],[132.7058,34.8635],[132.7101,34.8586],[132.7106,34.8499],[132.7041,34.8482],[132.6978,34.8428],[132.6931,34.844],[132.6912,34.847],[132.6915,34.8506],[132.6803,34.8517],[132.6751,34.8461],[132.6726,34.8455],[132.6697,34.8328],[132.6676,34.8323],[132.6593,34.8325],[132.6575,34.8355],[132.6559,34.8349],[132.6532,34.837],[132.6521,34.8406],[132.6475,34.8401],[132.6443,34.8378]],[[132.6441,34.8375],[132.6366,34.8408],[132.6359,34.8389],[132.6328,34.84],[132.6314,34.8431],[132.6148,34.8431],[132.6152,34.8415],[132.6131,34.8392],[132.6118,34.8402],[132.6108,34.8376],[132.6124,34.8331],[132.6038,34.8306],[132.5992,34.8336],[132.5988,34.8315],[132.5929,34.828]],[[132.5923,34.8272],[132.5903,34.8213],[132.5858,34.823],[132.5823,34.817],[132.5689,34.8113],[132.5678,34.8062],[132.5541,34.8083],[132.5465,34.8026],[132.5436,34.7966],[132.5375,34.7951],[132.5272,34.7989],[132.5192,34.804],[132.5135,34.8008],[132.5113,34.8014],[132.5073,34.7962]],[[131.6946,34.4421],[131.6972,34.4354],[131.7028,34.4357],[131.7101,34.4318],[131.7129,34.4285],[131.7173,34.43],[131.7225,34.4288],[131.7294,34.4327],[131.7378,34.4286],[131.7415,34.4291],[131.7449,34.435],[131.7554,34.4404],[131.7573,34.4394],[131.7569,34.4362],[131.7612,34.4337],[131.7708,34.4371],[131.7729,34.435],[131.7761,34.4348],[131.7807,34.4357],[131.7876,34.4344],[131.7938,34.4362],[131.7955,34.4332],[131.7942,34.4253],[131.7871,34.4132],[131.788,34.4083],[131.7854,34.4057],[131.7848,34.3999],[131.7786,34.3985],[131.7734,34.3926],[131.7729,34.3874],[131.7667,34.3849],[131.7635,34.381],[131.7636,34.3771],[131.7673,34.3746],[131.7659,34.3717],[131.7674,34.3669],[131.7652,34.3641],[131.7685,34.3618],[131.7712,34.3558],[131.7776,34.354],[131.779,34.3502],[131.7793,34.3439],[131.7752,34.34],[131.7746,34.3373],[131.7776,34.3329],[131.78,34.3337],[131.7864,34.3293],[131.7906,34.3301],[131.7957,34.3271],[131.7966,34.3187],[131.8026,34.3169],[131.8063,34.3124],[131.8131,34.3124],[131.8163,34.3105],[131.8203,34.3024],[131.8235,34.3053],[131.8314,34.3026],[131.8342,34.3113],[131.8411,34.3083],[131.8452,34.311],[131.8483,34.3077],[131.8566,34.3056]],[[131.694,34.4432],[131.6947,34.4456],[131.6972,34.4462],[131.6991,34.4512],[131.6981,34.4537],[131.6955,34.4546],[131.6966,34.4576],[131.6941,34.4625],[131.6943,34.4665]],[[131.6944,34.4667],[131.6989,34.4701],[131.7,34.4745],[131.6989,34.4773],[131.6961,34.4809],[131.6934,34.4816],[131.6859,34.4791]],[[131.6855,34.4791],[131.6819,34.4797],[131.6806,34.4852],[131.6824,34.4881],[131.6821,34.4932],[131.6798,34.4933],[131.6755,34.501],[131.6679,34.5042],[131.6687,34.51],[131.6728,34.5107],[131.6814,34.5185],[131.6858,34.517],[131.6877,34.5213],[131.6964,34.5246]],[[132.0164,34.4533],[132.016,34.4429],[132.0173,34.44],[132.0161,34.4373],[132.0111,34.4343],[132.0098,34.4313],[132.0059,34.4323],[131.9985,34.429],[131.9898,34.4137],[131.9943,34.4106],[131.9943,34.4082],[131.9975,34.4071],[132.001,34.3961],[132.0073,34.3905],[132.0072,34.3861],[132.0125,34.383]],[[132.0131,34.3825],[132.0123,34.3676],[132.0075,34.3648],[132.002,34.3663],[131.9978,34.3649],[131.9896,34.3524],[131.982,34.3497],[131.981,34.3437],[131.9741,34.3414],[131.9755,34.338],[131.9744,34.3308]],[[131.9741,34.3297],[131.9702,34.3235],[131.9623,34.3223]],[[131.9621,34.3213],[131.9608,34.3208],[131.9635,34.3136],[131.9617,34.3107]],[[131.9614,34.31],[131.9589,34.3063],[131.9556,34.308],[131.9549,34.3107],[131.9447,34.3207],[131.9454,34.3237],[131.9436,34.3234],[131.9379,34.3274],[131.933,34.3279],[131.93,34.3333],[131.9215,34.3355],[131.9191,34.3381],[131.915,34.3355],[131.9115,34.3277],[131.904,34.3233],[131.8997,34.3182],[131.8875,34.3272],[131.8864,34.3227],[131.884,34.3213],[131.8864,34.3137],[131.8855,34.3107],[131.8813,34.3086],[131.8797,34.3096],[131.873,34.3086],[131.8693,34.3049],[131.8652,34.3061],[131.8603,34.3046],[131.8571,34.3053]],[[134.0239,34.5068],[134.0194,34.5034],[134.0192,34.4986],[134.0166,34.4959],[134.012,34.4962],[134.0104,34.4984],[134.0076,34.498]],[[133.9253,34.4188],[133.9201,34.4185]],[[133.4469,34.4803],[133.4459,34.4834],[133.449,34.4858],[133.4484,34.4879],[133.4515,34.492],[133.4556,34.4952],[133.4564,34.5001],[133.4536,34.5066],[133.4449,34.5059],[133.4465,34.5118],[133.45,34.5123],[133.4472,34.5206],[133.4544,34.5315],[133.4514,34.5384],[133.4487,34.5397],[133.4493,34.5447],[133.4475,34.549],[133.4454,34.5499],[133.4462,34.5563],[133.4403,34.5593],[133.4351,34.5658],[133.4313,34.5662],[133.4267,34.5691],[133.4277,34.5714],[133.423,34.5789],[133.4222,34.5866],[133.4132,34.5867],[133.4125,34.5894],[133.4058,34.5893],[133.397,34.5949],[133.3982,34.5976],[133.3959,34.6053],[133.3923,34.6081],[133.3928,34.6117],[133.3847,34.6168],[133.3836,34.6198],[133.3847,34.6252],[133.3919,34.6311],[133.3872,34.6363],[133.3891,34.6397],[133.3878,34.641],[133.3884,34.6432],[133.3907,34.6438],[133.3918,34.6495],[133.3948,34.6496],[133.3965,34.6521],[133.3964,34.6559],[133.4003,34.6601],[133.4034,34.6719],[133.3981,34.6752],[133.3946,34.6737],[133.3926,34.6758],[133.3909,34.6752],[133.3827,34.6803],[133.3867,34.6849],[133.3814,34.6917],[133.3744,34.6949],[133.3745,34.7012],[133.3721,34.705],[133.3733,34.7077],[133.3698,34.7096],[133.3716,34.713],[133.37,34.7176],[133.3685,34.718],[133.3698,34.7228],[133.3617,34.7268],[133.3582,34.7332],[133.3609,34.7345],[133.3703,34.7464],[133.3703,34.748],[133.3672,34.7497],[133.3672,34.7536],[133.3618,34.7556],[133.3644,34.7599],[133.3677,34.7615],[133.3646,34.7673],[133.3669,34.7685],[133.3674,34.7743],[133.3705,34.7759]],[[133.3707,34.776],[133.3724,34.78],[133.3768,34.7818],[133.3704,34.7855],[133.3697,34.7892],[133.3776,34.7971],[133.3766,34.8009],[133.3784,34.8025],[133.3781,34.8084],[133.3745,34.8139],[133.3686,34.8149],[133.3679,34.819],[133.3586,34.8198],[133.3565,34.8265],[133.3534,34.8304],[133.347,34.8316],[133.3482,34.8287],[133.3422,34.8303],[133.339,34.8341],[133.3359,34.8349],[133.3326,34.8404],[133.3355,34.8446],[133.3345,34.8474],[133.3307,34.8495],[133.3312,34.8512],[133.3289,34.853],[133.3313,34.8555]],[[133.3313,34.8557],[133.3234,34.859],[133.3224,34.8609],[133.3242,34.8622],[133.324,34.8645],[133.3168,34.8672],[133.3146,34.8692],[133.3144,34.8728],[133.3097,34.8738],[133.3079,34.8757],[133.3059,34.8819],[133.3012,34.8843],[133.2969,34.8899],[133.298,34.8907],[133.2952,34.8957],[133.2959,34.8971]],[[133.2961,34.8978],[133.2965,34.9013],[133.2941,34.9033],[133.2984,34.9066],[133.2978,34.9086]],[[133.0508,34.2852],[133.0499,34.2852]],[[132.3193,34.1189],[132.3183,34.1209],[132.3145,34.1208],[132.3134,34.1222]],[[132.2456,34.2107],[132.2207,34.2082],[132.211,34.2027],[132.207,34.2033],[132.2026,34.2078],[132.1954,34.2044],[132.1933,34.207],[132.1996,34.2191],[132.2054,34.2254],[132.2053,34.2282],[132.2028,34.2286],[132.1994,34.2252],[132.1967,34.2275],[132.1989,34.2301],[132.1964,34.2309],[132.193,34.2303],[132.1937,34.2265],[132.1842,34.2276],[132.1813,34.2299],[132.1774,34.2289]],[[132.1768,34.2286],[132.1711,34.2253],[132.1673,34.2277],[132.1709,34.2291],[132.1709,34.2336],[132.166,34.234],[132.1637,34.2326],[132.1601,34.234],[132.1602,34.2297],[132.1569,34.2292],[132.1554,34.233],[132.151,34.2345],[132.1502,34.2372],[132.1443,34.2368],[132.1439,34.2405],[132.1462,34.2436],[132.1459,34.2477],[132.1474,34.2504],[132.1464,34.2568],[132.1446,34.2595],[132.1401,34.2606],[132.1353,34.2668],[132.1358,34.2696],[132.1336,34.2719],[132.1355,34.278],[132.1397,34.2819],[132.1401,34.2849],[132.138,34.2882],[132.1297,34.2945],[132.1278,34.2915],[132.1255,34.291],[132.1252,34.2931],[132.1286,34.296],[132.124,34.2968],[132.1286,34.302]],[[134.4402,34.2079],[134.4407,34.1997],[134.4379,34.1941],[134.4391,34.1911],[134.4292,34.1832],[134.4305,34.179],[134.4338,34.1784],[134.4342,34.1748],[134.4327,34.1728],[134.4339,34.1695],[134.4254,34.1659],[134.4191,34.1577],[134.4129,34.1569],[134.4114,34.1615],[134.4074,34.1625],[134.4025,34.1679],[134.3937,34.1635],[134.3855,34.1651],[134.383,34.1722],[134.3757,34.1718],[134.3687,34.1783],[134.3555,34.1853],[134.3484,34.1843],[134.3443,34.1724],[134.334,34.1756],[134.3281,34.1732],[134.3146,34.1773],[134.3105,34.1746],[134.3087,34.171],[134.3006,34.1704],[134.2979,34.1686],[134.2921,34.1792],[134.2871,34.1801],[134.2771,34.1765],[134.2736,34.1811],[134.2606,34.1836],[134.2549,34.1802],[134.2507,34.1805],[134.2475,34.1787],[134.2438,34.1807],[134.2398,34.1796],[134.2283,34.1808],[134.2272,34.1778],[134.2206,34.1799],[134.2158,34.1763],[134.2046,34.1726],[134.1988,34.1756],[134.1952,34.1719],[134.1863,34.1724],[134.1853,34.1743],[134.1803,34.1743],[134.1794,34.1758],[134.1786,34.1747],[134.1775,34.1762],[134.1739,34.1752],[134.1737,34.177],[134.1635,34.1698],[134.1593,34.1697],[134.1581,34.1675],[134.1526,34.1657],[134.1463,34.1653],[134.1437,34.1584],[134.1407,34.1552],[134.1369,34.1546],[134.1352,34.1516],[134.1375,34.1476],[134.1377,34.138],[134.1393,34.1341],[134.1327,34.1296],[134.1299,34.1237],[134.1271,34.1232],[134.1234,34.1195]],[[134.1228,34.119],[134.1193,34.1203],[134.1161,34.1181],[134.1061,34.1172],[134.1027,34.1149],[134.0937,34.1146],[134.0799,34.1212],[134.0724,34.1162],[134.0708,34.1126],[134.0616,34.111],[134.0579,34.1157],[134.0511,34.118],[134.0446,34.1138],[134.0421,34.1102],[134.0403,34.1011],[134.0314,34.0975],[134.0285,34.0933],[134.0256,34.092],[134.0279,34.0873],[134.0263,34.0851],[134.0205,34.0845],[134.01,34.0867],[134.0025,34.0814],[134.0015,34.0752],[133.9939,34.0726],[133.9887,34.0749],[133.986,34.0734],[133.9781,34.0758],[133.973,34.073],[133.9688,34.0815],[133.9601,34.082],[133.9586,34.0831],[133.9591,34.0861],[133.9565,34.0881],[133.9445,34.093],[133.9434,34.0996],[133.9444,34.1018],[133.9397,34.1045],[133.9376,34.1082],[133.9391,34.1154],[133.932,34.116],[133.922,34.1143],[133.9116,34.1044],[133.9031,34.1001],[133.9013,34.1001],[133.8929,34.1082],[133.8739,34.1011],[133.8671,34.1002],[133.8643,34.1046],[133.8585,34.1053],[133.8548,34.1042],[133.8502,34.0992],[133.8422,34.095],[133.8337,34.0977],[133.8229,34.093],[133.8218,34.0908],[133.8236,34.0861],[133.8185,34.0797],[133.8202,34.074],[133.8177,34.0722],[133.8135,34.0733],[133.7978,34.0698],[133.7901,34.0756],[133.7917,34.0782],[133.7872,34.078],[133.7828,34.0802],[133.7785,34.0795],[133.777,34.0757],[133.7726,34.0726],[133.7685,34.0733],[133.7643,34.0707],[133.7634,34.0668],[133.7588,34.0613],[133.751,34.0566],[133.7486,34.0535],[133.7405,34.0502],[133.733,34.0449],[133.729,34.0442],[133.7264,34.039],[133.7231,34.0366],[133.7218,34.0306],[133.723,34.0254],[133.7214,34.0223],[133.7093,34.0154],[133.7004,34.0179],[133.6917,34.0128],[133.6795,34.0125],[133.6831,34.0075],[133.6851,34.0071],[133.6857,34.0037],[133.6821,34.0009],[133.6807,33.9963],[133.6773,33.9943],[133.6751,33.9836],[133.6822,33.9833],[133.6812,33.9791],[133.6841,33.9764],[133.6812,33.9736],[133.6803,33.9702],[133.6831,33.9687],[133.683,33.9646],[133.6861,33.964],[133.6866,33.9654],[133.6924,33.9625],[133.6871,33.9549],[133.6928,33.9465],[133.6923,33.9434],[133.6902,33.9416],[133.6821,33.9383],[133.6801,33.9344],[133.6765,33.9329],[133.6757,33.9264],[133.6856,33.9257],[133.6905,33.9162],[133.6879,33.9163],[133.6819,33.9102],[133.6776,33.9096],[133.6766,33.9052],[133.6745,33.9032],[133.6778,33.8983],[133.6779,33.8931],[133.6689,33.8875],[133.6659,33.8879],[133.6616,33.8854],[133.6607,33.8818],[133.6628,33.8705],[133.6658,33.8685],[133.6665,33.8659],[133.6739,33.8637],[133.6743,33.8608],[133.677,33.8587],[133.6808,33.8595],[133.687,33.8565],[133.6949,33.8563],[133.6976,33.852],[133.7016,33.8498],[133.7073,33.8517],[133.719,33.8493],[133.729,33.8511],[133.738,33.8499],[133.7407,33.8466],[133.7409,33.8426],[133.7474,33.8369],[133.7562,33.8364],[133.7627,33.839]],[[133.8827,33.8054],[133.887,33.803],[133.8934,33.8049],[133.9018,33.7937],[133.908,33.7952],[133.9131,33.7912],[133.9195,33.7978],[133.9243,33.7987],[133.9249,33.8006],[133.9413,33.7992],[133.9475,33.8037],[133.9511,33.8101],[133.9531,33.8183],[133.9513,33.8292],[133.9574,33.8315],[133.9573,33.8334],[133.9598,33.8347],[133.9748,33.8364],[133.9841,33.8409],[133.9875,33.8395],[133.9871,33.8367],[133.9902,33.831],[133.9901,33.8281],[133.9973,33.8212],[134.0126,33.8218],[134.0328,33.8284],[134.0369,33.8205],[134.037,33.815],[134.0339,33.8121]],[[133.8816,33.8053],[133.8724,33.8062],[133.8725,33.8102],[133.8664,33.8192],[133.8564,33.8284],[133.8537,33.8346],[133.8445,33.8375],[133.8384,33.8453],[133.8285,33.8447],[133.8178,33.8373],[133.8099,33.8381],[133.8062,33.8364],[133.7993,33.8375],[133.7886,33.8362],[133.7859,33.8424],[133.7835,33.8411],[133.7758,33.8423],[133.7733,33.8399],[133.766,33.8403],[133.7637,33.8391]],[[133.6607,33.8818],[133.6434,33.8834],[133.635,33.88],[133.6298,33.8729],[133.6273,33.872],[133.6111,33.8808],[133.5979,33.8803],[133.5831,33.8677],[133.5752,33.8685]],[[133.6795,34.0125],[133.6775,34.0158],[133.6782,34.0182],[133.6717,34.0208],[133.6702,34.0243],[133.665,34.0273],[133.6586,34.0277],[133.6568,34.03],[133.6533,34.0277],[133.6444,34.0277],[133.6395,34.0259],[133.6362,34.0295],[133.6329,34.0302],[133.6269,34.0378],[133.6137,34.0322],[133.6087,34.0343],[133.6073,34.0369],[133.6042,34.0359],[133.5985,34.0436]],[[134.0909,33.693],[134.0954,33.6924],[134.0995,33.6946],[134.106,33.6936],[134.1142,33.696],[134.1263,33.6959],[134.1334,33.694],[134.1358,33.6909],[134.1477,33.6849],[134.1638,33.6881],[134.1709,33.686],[134.1747,33.6843],[134.1755,33.6784]],[[134.0904,33.6931],[134.0667,33.6886],[134.0583,33.6908],[134.0569,33.6931],[134.058,33.6952],[134.0648,33.6982],[134.0635,33.7001],[134.0647,33.7066],[134.0703,33.7123],[134.065,33.7195],[134.0684,33.7293],[134.0662,33.7341],[134.0618,33.7352],[134.0615,33.7404],[134.059,33.7432],[134.0579,33.7503],[134.0561,33.7515],[134.057,33.7582],[134.0591,33.7616],[134.0578,33.7646],[134.0589,33.7657],[134.0581,33.7811],[134.0553,33.7847],[134.0503,33.7856],[134.046,33.7895],[134.0468,33.7988],[134.0409,33.8017],[134.0333,33.8092],[134.0333,33.8111]],[[134.3059,33.5484],[134.3048,33.5525],[134.3065,33.5538],[134.3006,33.5552],[134.3001,33.5538],[134.2964,33.5531],[134.2959,33.5576],[134.2818,33.561],[134.2787,33.5595],[134.2736,33.5606],[134.2704,33.5549],[134.2623,33.5567],[134.2583,33.5533],[134.2492,33.5529],[134.2415,33.5561],[134.2378,33.552],[134.2374,33.5537],[134.2295,33.5579],[134.227,33.5628],[134.2185,33.5676],[134.2117,33.567],[134.1976,33.5612],[134.1932,33.5616],[134.1954,33.5687],[134.1925,33.574],[134.1878,33.5758],[134.1869,33.579],[134.1886,33.5815],[134.1847,33.5887],[134.1788,33.5941],[134.1763,33.5939],[134.1705,33.5971],[134.1717,33.5997],[134.1702,33.6021],[134.1759,33.6073],[134.1728,33.6095],[134.1646,33.6105],[134.1606,33.6128],[134.1561,33.6117],[134.1521,33.6172],[134.1549,33.6232],[134.1493,33.6271],[134.1502,33.6306],[134.164,33.6354],[134.1693,33.6408]],[[134.1702,33.6416],[134.1788,33.6447],[134.1842,33.649],[134.1713,33.6575],[134.1753,33.6616],[134.1692,33.6703]],[[134.1689,33.6706],[134.1726,33.6751],[134.1757,33.6761],[134.1755,33.6777]],[[132.6633,33.1091],[132.6539,33.1104],[132.6466,33.1156],[132.6442,33.1225],[132.6385,33.1275],[132.6375,33.1324],[132.6288,33.1331],[132.6285,33.1368],[132.6323,33.1492],[132.6274,33.1536],[132.6248,33.1593],[132.6193,33.1627],[132.6149,33.169],[132.6196,33.1737],[132.6194,33.1809],[132.6247,33.184],[132.6357,33.1864],[132.6372,33.1833],[132.6344,33.1788],[132.6387,33.1736],[132.647,33.1717],[132.6488,33.1679],[132.6597,33.16],[132.6624,33.1544],[132.6733,33.1508],[132.6804,33.1442],[132.6869,33.1348],[132.6961,33.1377],[132.6959,33.1428],[132.6986,33.1464],[132.7101,33.1527],[132.7119,33.156],[132.7173,33.16],[132.7194,33.1667],[132.7256,33.1681],[132.7309,33.1736]],[[132.6634,33.1091],[132.6666,33.0981]],[[132.6669,33.0976],[132.6701,33.0858],[132.6667,33.0809],[132.6695,33.0712],[132.6577,33.0571],[132.6609,33.0555],[132.6662,33.0487],[132.6712,33.0459],[132.6784,33.0372],[132.6787,33.0292],[132.6754,33.0222],[132.6766,33.0219],[132.6758,33.0164],[132.6787,33.0129],[132.6769,33.0106],[132.6836,33.0046],[132.6868,32.9983],[132.6814,32.9936],[132.6842,32.9894],[132.6854,32.9846],[132.6844,32.9826],[132.6871,32.9822],[132.6872,32.9761],[132.6909,32.9756],[132.6915,32.9736],[132.6862,32.968],[132.6864,32.963],[132.6821,32.9651]],[[133.4512,33.8353],[133.455,33.8369],[133.4643,33.8345],[133.4705,33.8368],[133.4733,33.8337],[133.4832,33.833],[133.4866,33.8297],[133.4922,33.8324],[133.4993,33.8291],[133.5079,33.8357],[133.5065,33.8399],[133.509,33.8479],[133.5181,33.8473],[133.5224,33.8522],[133.5263,33.8536],[133.5255,33.8612],[133.5361,33.8658],[133.5359,33.8715],[133.5396,33.8745],[133.5399,33.8785],[133.5439,33.8788],[133.5502,33.8821],[133.557,33.8823],[133.5613,33.8758],[133.568,33.8742],[133.5715,33.8719],[133.5713,33.8696],[133.575,33.8687]],[[133.4507,33.835],[133.449,33.8332],[133.4457,33.8348],[133.4389,33.8338],[133.4286,33.8362],[133.4249,33.8393],[133.415,33.8399],[133.4063,33.8363],[133.4009,33.8363],[133.3915,33.8243],[133.369,33.8293],[133.362,33.8332],[133.3558,33.8344],[133.3456,33.8248],[133.3334,33.8214],[133.3262,33.8147],[133.3102,33.8159],[133.307,33.8187]],[[133.3064,33.8195],[133.2929,33.8289]],[[133.2918,33.8291],[133.2822,33.832],[133.2774,33.8309],[133.2692,33.8256],[133.2674,33.8234],[133.2677,33.821],[133.2607,33.811],[133.2625,33.8048],[133.2574,33.7941],[133.2511,33.7889],[133.2461,33.789],[133.2369,33.7827],[133.2316,33.784],[133.2198,33.7804],[133.2057,33.7945],[133.1928,33.7939],[133.1902,33.7869],[133.1905,33.7836],[133.1824,33.7715],[133.1838,33.7682],[133.1705,33.7576]],[[133.1699,33.7575],[133.1667,33.7568]],[[133.1659,33.7567],[133.1578,33.7503],[133.1593,33.7339],[133.1612,33.7314],[133.1469,33.7229],[133.1458,33.7195],[133.1398,33.7157],[133.1413,33.7102],[133.145,33.7069]],[[132.8167,33.4653],[132.8212,33.4701],[132.8206,33.4726],[132.8272,33.4724],[132.8325,33.4761],[132.834,33.4742],[132.8398,33.4744],[132.8469,33.4792],[132.8602,33.4756],[132.8647,33.4722],[132.8728,33.471],[132.8814,33.471],[132.8835,33.4728],[132.8889,33.4735],[132.8982,33.4703],[132.9158,33.4677],[132.9288,33.4685],[132.9385,33.4721],[132.944,33.472],[132.9466,33.4686],[132.9578,33.4663],[132.9722,33.4696],[132.9787,33.4729],[132.9869,33.4729],[132.9917,33.4756]],[[132.8159,33.4647],[132.8116,33.4661],[132.8094,33.4648],[132.8065,33.4572],[132.8085,33.4553],[132.8082,33.4535],[132.8226,33.4483],[132.8265,33.4458],[132.8272,33.4425]],[[132.8274,33.4422],[132.8278,33.4383],[132.8245,33.4347],[132.8234,33.4298],[132.8248,33.423],[132.834,33.4202],[132.8338,33.4157],[132.8314,33.4141],[132.8333,33.412],[132.8316,33.4089],[132.8367,33.3993],[132.846,33.3975],[132.8545,33.3983],[132.8562,33.3917],[132.853,33.3882],[132.8565,33.3826],[132.8581,33.3749]],[[133.1452,33.706],[133.1436,33.7039],[133.1338,33.6997],[133.1253,33.6983],[133.1192,33.6886],[133.1215,33.6863],[133.1195,33.6796],[133.1215,33.674],[133.1166,33.6602],[133.1118,33.6586]],[[133.1109,33.6585],[133.1064,33.6566],[133.0905,33.6578],[133.0838,33.654],[133.0775,33.6536],[133.0751,33.6508],[133.0672,33.6216],[133.073,33.6145],[133.0785,33.6123],[133.0796,33.6087],[133.0767,33.6082],[133.077,33.6066],[133.07,33.6011],[133.0566,33.5958],[133.0544,33.5931],[133.0552,33.5898],[133.0478,33.5828],[133.0466,33.5763],[133.0622,33.5618],[133.0603,33.5539],[133.0642,33.5427],[133.0612,33.5419],[133.0592,33.5387],[133.0463,33.5303],[133.0379,33.5264],[133.0383,33.5193],[133.0343,33.5118],[133.0262,33.5052],[133.0203,33.4956],[133.0133,33.4905],[133.0154,33.4809],[133,33.4761]],[[132.9995,33.4759],[132.9965,33.4757]],[[132.9958,33.4752],[132.9923,33.4758]],[[132.7744,33.2436],[132.7781,33.2471],[132.7777,33.2515],[132.7795,33.2561],[132.7827,33.2573],[132.7873,33.2625],[132.7875,33.2681],[132.7926,33.2746],[132.7972,33.2743],[132.809,33.2799],[132.8144,33.2806],[132.8172,33.2838],[132.8242,33.2822],[132.8279,33.2832],[132.8346,33.2878]],[[132.7741,33.2432],[132.7719,33.2408],[132.775,33.2338],[132.7746,33.2284],[132.7711,33.2263],[132.7709,33.2234],[132.7711,33.2206],[132.7735,33.219],[132.7733,33.2122]],[[132.7736,33.212],[132.776,33.2083],[132.7756,33.206],[132.7691,33.2036],[132.7658,33.2043],[132.7579,33.2014],[132.7511,33.2018],[132.7485,33.2035],[132.7445,33.2019]],[[132.744,33.2017],[132.7406,33.2013],[132.7384,33.196],[132.7393,33.1922],[132.7419,33.1897],[132.7373,33.1865],[132.7378,33.1818],[132.7327,33.1779],[132.7314,33.1741]],[[132.8583,33.3747],[132.8613,33.3676],[132.87,33.3674],[132.8743,33.3639],[132.8835,33.3625],[132.8899,33.3577],[132.8947,33.3495],[132.9007,33.3432],[132.903,33.3379],[132.9018,33.3358],[132.9035,33.3307],[132.899,33.3246],[132.9005,33.319],[132.8962,33.3124],[132.8849,33.3071],[132.8724,33.3049],[132.8573,33.2929],[132.8538,33.2929]],[[132.8536,33.2928],[132.8472,33.2889],[132.8398,33.2878],[132.8369,33.2895],[132.8347,33.288]],[[132.6818,32.9649],[132.6813,32.9637],[132.6835,32.9631],[132.6817,32.9583],[132.6845,32.95],[132.6834,32.9468],[132.6778,32.9428],[132.6757,32.9443],[132.6715,32.9422],[132.6607,32.9425],[132.6593,32.9401],[132.6548,32.9409],[132.6524,32.9393],[132.6553,32.9348]],[[132.6554,32.9343],[132.6555,32.9252]],[[130.2863,33.4714],[130.2913,33.4694],[130.2968,33.4629],[130.3031,33.4612],[130.3061,33.4633],[130.3128,33.4612],[130.3138,33.458],[130.3212,33.4583],[130.323,33.456],[130.335,33.4504],[130.3364,33.4451],[130.3454,33.445],[130.3558,33.4332],[130.3565,33.4345],[130.3671,33.434],[130.3688,33.4363],[130.3706,33.4331],[130.3765,33.4292],[130.3781,33.425],[130.3869,33.4282],[130.3894,33.4261],[130.3965,33.4276],[130.3991,33.425],[130.3987,33.4218],[130.4009,33.4218],[130.4048,33.4162],[130.4168,33.4104],[130.4077,33.4021],[130.4077,33.3986],[130.411,33.395],[130.4134,33.396],[130.4139,33.3986],[130.4187,33.4011],[130.4219,33.3985],[130.4282,33.3969],[130.4382,33.4001]],[[130.286,33.4717],[130.2787,33.476],[130.2767,33.4789],[130.271,33.4799]],[[130.4141,33.0023],[130.4283,33.0054],[130.4362,33.0051],[130.4449,33.0025],[130.4562,33.0039],[130.4746,33.0014],[130.4799,33.0035],[130.4842,33.0015],[130.496,33.0039],[130.4956,33.005],[130.4991,33.0066],[130.506,33.0027],[130.5067,33.0061],[130.5126,33.0076],[130.5158,33.014],[130.5129,33.0168],[130.5121,33.0221],[130.5078,33.0234],[130.5047,33.027],[130.5045,33.0368],[130.4949,33.049],[130.497,33.0521],[130.5039,33.0558],[130.505,33.0587],[130.5136,33.0617],[130.5169,33.0656],[130.5256,33.0667],[130.5314,33.064],[130.5337,33.0731],[130.5355,33.074],[130.5354,33.0781],[130.5398,33.0796],[130.5414,33.082],[130.5481,33.0807],[130.548,33.0829],[130.55,33.0846],[130.5525,33.083],[130.556,33.0861],[130.5656,33.0871],[130.5654,33.0917],[130.5612,33.0959],[130.5626,33.1002],[130.5618,33.1043],[130.5708,33.1067],[130.5712,33.1092],[130.5768,33.115],[130.5858,33.116],[130.5946,33.1132],[130.6021,33.1149],[130.6069,33.1104],[130.6142,33.1085],[130.6189,33.1111],[130.6296,33.1112],[130.6325,33.1135],[130.6362,33.1115],[130.6393,33.1135],[130.6455,33.1123],[130.6465,33.1083],[130.649,33.1084],[130.6505,33.1104],[130.6562,33.1085],[130.6596,33.1095],[130.6583,33.1115],[130.6548,33.112],[130.6544,33.1139],[130.6548,33.1155],[130.6596,33.1155],[130.6599,33.1245],[130.663,33.1346],[130.6675,33.1366],[130.6689,33.139],[130.6663,33.1434],[130.6665,33.155],[130.6731,33.1612],[130.6787,33.164],[130.6791,33.1666],[130.6778,33.1677],[130.68,33.1713],[130.6852,33.1691],[130.6908,33.1641],[130.6931,33.16],[130.691,33.1549],[130.6921,33.1515],[130.698,33.1536],[130.7011,33.1523],[130.7032,33.1535],[130.7041,33.1518],[130.7077,33.1512],[130.7122,33.1553],[130.7223,33.1518],[130.7298,33.1548],[130.7342,33.1537],[130.7362,33.15]],[[130.3558,33.1404],[130.3559,33.1538],[130.3521,33.1695],[130.3531,33.1805],[130.3469,33.182],[130.347,33.1837],[130.3426,33.1884],[130.3405,33.1885],[130.3394,33.2004],[130.3397,33.205],[130.342,33.2079],[130.3535,33.209]],[[130.8398,33.1041],[130.8445,33.1077],[130.8533,33.1091],[130.8553,33.1128],[130.8616,33.1175],[130.8595,33.1214],[130.8629,33.1226],[130.8662,33.1268],[130.8671,33.1337],[130.871,33.1424],[130.8707,33.1466],[130.8796,33.153],[130.8766,33.1647],[130.8735,33.1682],[130.8778,33.1718],[130.8778,33.1742],[130.8857,33.1763],[130.8875,33.1865],[130.8749,33.1893],[130.8696,33.1939],[130.8637,33.1931],[130.8589,33.1981],[130.8472,33.2031],[130.8436,33.2072],[130.8365,33.2106],[130.8385,33.2167],[130.8445,33.2193],[130.845,33.2229],[130.8494,33.2231],[130.8546,33.2265],[130.8578,33.2256],[130.8594,33.2295],[130.8472,33.2332],[130.8314,33.2337],[130.8263,33.2368],[130.8251,33.2408],[130.8275,33.2451],[130.8248,33.2533],[130.8287,33.2575],[130.833,33.2586],[130.8353,33.2571],[130.8379,33.2583],[130.845,33.2574],[130.8487,33.261],[130.8514,33.2604],[130.8549,33.2626],[130.8638,33.2611],[130.868,33.2637],[130.8676,33.268],[130.8607,33.2667],[130.8573,33.2706],[130.8565,33.2753],[130.8521,33.2775],[130.8563,33.2843],[130.8663,33.2919],[130.8653,33.2967],[130.8615,33.3019],[130.8631,33.3049],[130.8621,33.3096],[130.8603,33.3101],[130.8542,33.3236],[130.8573,33.3269],[130.8495,33.3376],[130.845,33.3387],[130.8439,33.3366],[130.8458,33.3343],[130.8439,33.3335],[130.8353,33.3435],[130.8402,33.3458],[130.8426,33.3507],[130.8489,33.3528],[130.8612,33.3617],[130.8597,33.373],[130.8631,33.3772],[130.8684,33.3766],[130.8768,33.3783],[130.8787,33.3763],[130.8792,33.3784],[130.8864,33.3797],[130.8846,33.3896],[130.8876,33.4003],[130.8873,33.4052],[130.892,33.4064],[130.8894,33.4137],[130.8926,33.4202],[130.8911,33.4279],[130.8977,33.4388],[130.8969,33.4441],[130.8949,33.4462],[130.9003,33.4492],[130.9105,33.4498],[130.9157,33.4548],[130.9263,33.4576],[130.9305,33.4638],[130.9298,33.4667],[130.9424,33.4856],[130.9501,33.4877],[130.9559,33.4919],[130.9616,33.4936],[130.9626,33.4977],[130.9699,33.5006],[130.9729,33.5055],[130.9815,33.5078],[130.9866,33.5073],[130.99,33.5091]],[[130.8398,33.1041],[130.8289,33.1066],[130.8204,33.1066],[130.8215,33.1102],[130.8185,33.1143],[130.8145,33.1144],[130.8115,33.1167],[130.8068,33.116],[130.792,33.1237],[130.7709,33.1243],[130.7683,33.1278],[130.7652,33.1286],[130.7632,33.1328],[130.7615,33.1316],[130.7568,33.1324],[130.7537,33.1376],[130.7376,33.146],[130.7363,33.1499]],[[130.8398,33.1041],[130.8398,33.1002],[130.843,33.0967],[130.8431,33.0938],[130.8454,33.0923],[130.8511,33.0946],[130.8575,33.0938],[130.8634,33.0953],[130.8673,33.0903],[130.8712,33.092],[130.8767,33.0919],[130.8862,33.0875],[130.8899,33.0833],[130.8906,33.0758],[130.8968,33.0729],[130.8982,33.068],[130.8972,33.0654],[130.8995,33.064],[130.908,33.0642],[130.9165,33.0556],[130.9159,33.0535],[130.9283,33.0521],[130.9352,33.0551],[130.9379,33.052],[130.9406,33.0535],[130.9427,33.0522],[130.9468,33.0528],[130.9552,33.0486],[130.959,33.0444],[130.9597,33.0359],[130.9703,33.0238],[130.9768,33.0229],[130.9771,33.025],[130.9909,33.0238],[131.0033,33.0328],[131.0038,33.0349],[131.0023,33.036],[131.0048,33.0397],[131.0117,33.043],[131.0145,33.0475],[131.0151,33.0513],[131.0128,33.052],[131.0126,33.0544],[131.015,33.0558],[131.0142,33.0589],[131.0176,33.0645],[131.0108,33.0711],[131.0145,33.0798],[131.0192,33.0808],[131.0207,33.085],[131.0241,33.0875],[131.0224,33.0912],[131.0192,33.0918],[131.0154,33.0995],[131.0133,33.0993],[131.0092,33.1084],[131.004,33.1101],[131.0004,33.1163],[130.994,33.1194],[130.9926,33.1232],[130.9947,33.1292],[130.9893,33.1308],[130.9783,33.1409],[130.9806,33.1439],[130.9846,33.143],[130.9815,33.1481],[130.9843,33.1523],[130.9819,33.1566],[130.9851,33.1609],[130.9864,33.1654],[130.9855,33.1685],[130.9885,33.1721],[130.9888,33.1757],[130.9934,33.1781],[130.9922,33.1832],[130.9942,33.1838],[131.0023,33.181],[131.006,33.1776],[131.0105,33.1788],[131.0145,33.1773],[131.0285,33.1867],[131.0311,33.1852],[131.0347,33.1874],[131.0392,33.1943],[131.057,33.1939],[131.0596,33.1952],[131.0678,33.1913],[131.0944,33.1852],[131.1009,33.1878],[131.1112,33.1833],[131.1171,33.1786],[131.1166,33.1746],[131.1195,33.169],[131.1309,33.1661],[131.1341,33.1599],[131.1481,33.1548],[131.149,33.1521],[131.1453,33.1507],[131.1577,33.1418],[131.1612,33.1408],[131.1669,33.1287],[131.1659,33.1196],[131.1639,33.1191],[131.1636,33.1165],[131.167,33.1138],[131.1671,33.1089],[131.1718,33.107],[131.1732,33.1048],[131.1725,33.1003],[131.1748,33.0968],[131.1723,33.0893],[131.1745,33.0831],[131.186,33.0738],[131.1898,33.0735],[131.1897,33.0752],[131.1933,33.0775],[131.1986,33.0735],[131.1965,33.0708],[131.2035,33.0641],[131.2043,33.0616],[131.2057,33.0619],[131.2167,33.0535],[131.216,33.0511],[131.2211,33.03],[131.2234,33.0281],[131.2265,33.0194],[131.2236,33.0172],[131.2284,33.0118],[131.228,33.0104],[131.2348,33.009],[131.2405,33.0004],[131.244,32.9993],[131.2473,32.9959],[131.2479,32.9912],[131.2461,32.9859],[131.2471,32.9825],[131.2557,32.981],[131.2573,32.9788],[131.2635,32.9766],[131.2621,32.9715],[131.256,32.9634],[131.2483,32.9639],[131.2459,32.9595],[131.253,32.9561],[131.2525,32.9538],[131.2468,32.9529],[131.2484,32.9479],[131.251,32.9483],[131.2526,32.9465],[131.2458,32.9392],[131.2481,32.9317],[131.253,32.9245],[131.2529,32.9114],[131.2545,32.9074],[131.2532,32.898],[131.2574,32.8874],[131.2642,32.8791],[131.2734,32.8817],[131.2715,32.8772],[131.2734,32.871],[131.2798,32.8699],[131.283,32.8658],[131.2868,32.8656],[131.2942,32.8571],[131.3144,32.8508],[131.3155,32.8485],[131.3225,32.8442],[131.3232,32.8405],[131.3263,32.8391],[131.3275,32.8367],[131.3276,32.8333],[131.3295,32.833],[131.3227,32.8286],[131.311,32.828],[131.3014,32.8296],[131.2913,32.8278],[131.2894,32.8303],[131.2857,32.8314],[131.2759,32.8287],[131.2726,32.8241],[131.2652,32.8265],[131.2651,32.8207],[131.2626,32.8179],[131.2578,32.8181],[131.255,32.8156],[131.2572,32.814],[131.2549,32.8093],[131.2553,32.8047],[131.2466,32.799],[131.245,32.7941],[131.2454,32.7866],[131.2374,32.7845],[131.2345,32.7808],[131.2465,32.7694],[131.2427,32.7614],[131.2399,32.7583],[131.2371,32.7584],[131.2342,32.7534],[131.2351,32.7444],[131.2315,32.744],[131.2119,32.7287],[131.2066,32.7303],[131.196,32.7259],[131.18,32.7121],[131.1793,32.7097],[131.182,32.7076],[131.1812,32.7043],[131.1795,32.7036],[131.1804,32.7001],[131.1758,32.6956],[131.1758,32.6874],[131.1725,32.6849],[131.174,32.6799],[131.1755,32.6793],[131.1755,32.6772],[131.1738,32.6763],[131.1759,32.6746],[131.1751,32.6719],[131.1626,32.6718],[131.1581,32.6753],[131.1577,32.678],[131.1514,32.6801],[131.1486,32.6776],[131.1435,32.6763],[131.1433,32.6701],[131.1402,32.6646],[131.1305,32.6579],[131.1298,32.6547],[131.1269,32.654],[131.1237,32.6446],[131.1155,32.6421],[131.1156,32.6354],[131.1191,32.6329],[131.1199,32.6291],[131.1159,32.6209],[131.1162,32.6095],[131.1206,32.6051],[131.1186,32.6022],[131.1197,32.5991],[131.1161,32.5968],[131.1137,32.5916],[131.1059,32.5891],[131.1055,32.5855],[131.1081,32.5819],[131.0994,32.5784],[131.0912,32.5786],[131.0786,32.5818],[131.0748,32.5848],[131.0684,32.584],[131.0624,32.5865],[131.0519,32.5876],[131.0416,32.5799],[131.0424,32.5744],[131.0394,32.5713],[131.0377,32.5647],[131.0408,32.5596],[131.039,32.5544],[131.0356,32.553],[131.0239,32.5533],[131.0181,32.5469],[131.0188,32.5421],[131.0234,32.5363],[131.0249,32.5316],[131.024,32.5276],[131.0256,32.5211],[131.0184,32.5196],[131.0152,32.5158],[131.0094,32.5154],[131.0097,32.5086],[131.008,32.5024],[131.0091,32.4978],[131.0072,32.4946],[131.007,32.4899],[131.0104,32.4832],[131.014,32.4799],[131.0138,32.4772],[131.0164,32.4736],[131.0152,32.4698],[131.0173,32.4672],[131.0142,32.4631],[131.017,32.4597],[131.0165,32.4477],[131.0193,32.4439],[131.0199,32.4387],[131.0281,32.4313],[131.033,32.4205],[131.0397,32.4159],[131.0434,32.4083],[131.0682,32.4074],[131.0698,32.3997],[131.0729,32.3961],[131.0732,32.3914],[131.069,32.3882],[131.0693,32.3843],[131.0741,32.383],[131.0755,32.3786],[131.0799,32.3743],[131.0766,32.3718],[131.0741,32.3663],[131.0743,32.3609],[131.0777,32.3592],[131.0782,32.355],[131.0909,32.3495],[131.0967,32.3501],[131.0967,32.3461],[131.0992,32.3417],[131.1036,32.3415],[131.1051,32.3358],[131.1119,32.3301],[131.111,32.3271],[131.106,32.3244],[131.1012,32.3117],[131.0961,32.3054],[131.0906,32.2941],[131.0872,32.2932],[131.0859,32.2895],[131.0789,32.2845],[131.0786,32.2812],[131.0704,32.2804],[131.0676,32.2832],[131.0588,32.2869],[131.0533,32.2874],[131.0502,32.2855],[131.0498,32.2789],[131.0538,32.2743],[131.0543,32.2673],[131.0508,32.2645],[131.0466,32.2643],[131.0433,32.2613],[131.0416,32.2579],[131.0426,32.2485],[131.0469,32.2442],[131.0572,32.2459],[131.0691,32.2368],[131.0716,32.2369],[131.069,32.2304],[131.0691,32.2253],[131.0737,32.2242],[131.0774,32.2212],[131.0785,32.2153],[131.0842,32.2062],[131.0942,32.205],[131.1005,32.2016],[131.1002,32.1955],[131.1044,32.1919],[131.1022,32.1863],[131.1035,32.1818],[131.1015,32.1797],[131.1026,32.176],[131.1014,32.1727],[131.1076,32.166],[131.109,32.1601],[131.1021,32.1579],[131.0972,32.1522],[131.0845,32.1542],[131.0719,32.1603],[131.0676,32.1572],[131.06,32.1562],[131.0587,32.1548],[131.0521,32.1583],[131.05,32.1627],[131.0455,32.1611],[131.0422,32.1641],[131.0413,32.1673],[131.0372,32.1703],[131.0261,32.1714],[131.0216,32.169],[131.012,32.1743],[131.0022,32.1694],[130.9978,32.1597],[130.9924,32.158],[130.9959,32.1559],[130.9956,32.1518],[130.9926,32.148],[130.9748,32.1371],[130.9725,32.128],[130.9745,32.1208],[130.9617,32.1202],[130.9556,32.1154],[130.9496,32.116],[130.9444,32.1196],[130.9331,32.1161],[130.9281,32.1202],[130.9273,32.1227],[130.9159,32.1254],[130.9136,32.1304],[130.9106,32.1294],[130.906,32.1336],[130.9035,32.132],[130.9007,32.1324],[130.8972,32.1259],[130.8787,32.1215],[130.8764,32.1167],[130.8691,32.1149],[130.8622,32.1017],[130.8571,32.0997],[130.8489,32.1044],[130.8443,32.104],[130.8387,32.1073],[130.8274,32.103],[130.8227,32.0995],[130.8206,32.0949],[130.8088,32.0993],[130.7786,32.0995],[130.7757,32.1019],[130.7725,32.1003],[130.7671,32.1016],[130.7593,32.0968],[130.7516,32.1041],[130.7457,32.1022],[130.7419,32.0979],[130.7388,32.1012],[130.7399,32.1049],[130.7353,32.1089],[130.7278,32.1019],[130.7245,32.1009],[130.7202,32.1008],[130.7147,32.1039],[130.699,32.107],[130.6774,32.1237],[130.673,32.1245],[130.6701,32.1292],[130.667,32.128],[130.6627,32.1328],[130.6592,32.133],[130.655,32.1357],[130.6554,32.1411],[130.6516,32.1513],[130.6412,32.1519],[130.6377,32.1549],[130.6344,32.1539],[130.6311,32.1561],[130.6227,32.1561],[130.6146,32.1677],[130.6172,32.1695],[130.6167,32.1738],[130.6136,32.1772],[130.6109,32.1863],[130.6086,32.1874],[130.5917,32.186],[130.5952,32.1835],[130.5968,32.176],[130.5917,32.1719],[130.5825,32.1548],[130.57,32.1538],[130.5626,32.1552],[130.5461,32.1493],[130.542,32.1495],[130.5412,32.1468],[130.5428,32.1445],[130.5398,32.14],[130.5403,32.1367],[130.5337,32.1377],[130.5207,32.1352],[130.5098,32.1404],[130.5054,32.1407],[130.4992,32.1355],[130.4917,32.1336],[130.4869,32.1353],[130.4866,32.1372],[130.4824,32.1396],[130.4769,32.139],[130.4761,32.1228],[130.4736,32.1219],[130.4735,32.1186],[130.467,32.1157],[130.4657,32.1181],[130.4629,32.1187],[130.4571,32.1167],[130.457,32.1142],[130.4538,32.1129],[130.4488,32.1168],[130.4415,32.114],[130.4305,32.115],[130.4288,32.1138],[130.4229,32.1178],[130.4108,32.1184],[130.402,32.1206],[130.4008,32.123],[130.4034,32.1243],[130.392,32.1342],[130.3867,32.1474],[130.3798,32.1506],[130.3774,32.1548],[130.3674,32.1628],[130.3659,32.1625],[130.3608,32.1686]],[[130.3548,33.2092],[130.3621,33.2152],[130.3784,33.2213],[130.3791,33.2291],[130.3731,33.233],[130.3698,33.239],[130.3733,33.2443],[130.3764,33.2443],[130.3789,33.2414],[130.3854,33.2405],[130.39,33.2449],[130.3911,33.25],[130.3888,33.2554],[130.3909,33.2597],[130.395,33.2607],[130.3997,33.2594],[130.4013,33.2571],[130.4021,33.2487],[130.4102,33.2497],[130.4149,33.2526],[130.4195,33.2616],[130.4171,33.266],[130.4177,33.2689],[130.4208,33.2719],[130.4264,33.2706],[130.4296,33.274],[130.4309,33.2808],[130.4299,33.2862],[130.4266,33.2891],[130.4279,33.2909],[130.4338,33.2925],[130.4385,33.2894],[130.4351,33.2759],[130.4362,33.2698],[130.4391,33.2658],[130.4449,33.2637],[130.4502,33.2654],[130.4509,33.2691],[130.448,33.2753],[130.4487,33.2784],[130.4533,33.2832],[130.4595,33.2833],[130.468,33.2873],[130.4657,33.2906],[130.4558,33.2942],[130.4547,33.2972],[130.4563,33.3018],[130.4617,33.3044],[130.4836,33.3051],[130.4894,33.3159],[130.4875,33.3197],[130.4825,33.3208],[130.477,33.326],[130.4799,33.3309],[130.4843,33.333],[130.4875,33.3326],[130.49,33.3299],[130.4995,33.3256],[130.5055,33.3307],[130.5063,33.3399],[130.5088,33.3433],[130.5121,33.3441],[130.5187,33.3407],[130.5261,33.3401],[130.5329,33.3461],[130.536,33.343],[130.5403,33.3652],[130.542,33.3663],[130.5413,33.4181],[130.5352,33.4342],[130.5353,33.4374],[130.537,33.4383],[130.5337,33.4415],[130.5305,33.4416]],[[131.047,33.5107],[131.0515,33.51],[131.0532,33.5079],[131.0652,33.51],[131.0697,33.5068],[131.0738,33.5071],[131.0754,33.5053],[131.0937,33.5074],[131.0964,33.5064],[131.0969,33.5046],[131.0994,33.5046],[131.104,33.5057],[131.1053,33.5078],[131.1078,33.5076],[131.1154,33.5038]],[[131.0468,33.5105],[131.0441,33.51],[131.0423,33.5143],[131.0357,33.5191],[131.0296,33.5189],[131.0257,33.5129],[131.0191,33.5125],[131.0153,33.5091],[131.0029,33.5122],[130.9918,33.5083],[130.9901,33.5092]],[[130.5303,33.4417],[130.5227,33.4458],[130.5176,33.4458],[130.5123,33.4494],[130.5094,33.4437],[130.5034,33.4469],[130.495,33.4443],[130.4911,33.4397],[130.4875,33.4404],[130.4858,33.4381],[130.4803,33.4361],[130.4766,33.4385],[130.4651,33.4291],[130.4597,33.427],[130.458,33.425],[130.4581,33.4198],[130.4472,33.4188],[130.4422,33.4156],[130.4398,33.4112],[130.4413,33.4099],[130.437,33.4049],[130.4383,33.4006]],[[130.2708,33.4797],[130.2577,33.4762],[130.2524,33.471],[130.25,33.4705],[130.2469,33.4711],[130.244,33.4745],[130.2379,33.4741],[130.2371,33.4772],[130.2334,33.4789],[130.2266,33.4767],[130.2039,33.4816],[130.2017,33.48],[130.1985,33.4812],[130.1987,33.4775],[130.1955,33.4772]],[[130.1947,33.4762],[130.1888,33.4749],[130.1889,33.471],[130.1865,33.4708],[130.1862,33.4682],[130.1761,33.4659],[130.1748,33.4674],[130.1646,33.4693],[130.164,33.4722],[130.1589,33.4758],[130.1508,33.4776],[130.1486,33.4774],[130.146,33.4745],[130.1428,33.4745],[130.139,33.4704],[130.1297,33.4756],[130.1136,33.4752],[130.1069,33.4778],[130.1031,33.4759],[130.1009,33.4709],[130.0903,33.4685],[130.0859,33.4697],[130.0795,33.4684],[130.0766,33.47],[130.0736,33.4692],[130.0682,33.4725],[130.0602,33.4703],[130.0574,33.4712],[130.0551,33.4694],[130.0449,33.4674],[130.039,33.47]],[[131.1856,33.6168],[131.1779,33.6048],[131.1782,33.596],[131.1733,33.5909],[131.1723,33.5829],[131.1751,33.5754],[131.1862,33.5679],[131.1896,33.5628],[131.1906,33.558],[131.1886,33.5481],[131.1866,33.5436],[131.1785,33.5374],[131.1772,33.5347],[131.1666,33.5286]],[[131.1664,33.528],[131.1698,33.523],[131.1682,33.5156],[131.1751,33.5118],[131.1769,33.5069],[131.1698,33.505],[131.1632,33.5085],[131.1558,33.5079],[131.1547,33.5061],[131.1482,33.5051],[131.1336,33.5058],[131.1301,33.5047],[131.1302,33.5023],[131.1283,33.5016],[131.116,33.5033]],[[129.7908,33.3404],[129.7821,33.3371],[129.7816,33.3354],[129.7766,33.333],[129.7693,33.3198],[129.7694,33.3157],[129.7662,33.3113],[129.7669,33.3074],[129.764,33.306],[129.759,33.2909],[129.7633,33.2904],[129.7658,33.2865],[129.7683,33.2857],[129.7785,33.2692],[129.7905,33.2577],[129.7983,33.2534],[129.81,33.2426],[129.8145,33.2423],[129.8154,33.2387],[129.8137,33.2333],[129.8099,33.2304],[129.8131,33.2209],[129.8097,33.2188],[129.8094,33.2146],[129.8081,33.2146],[129.8069,33.211],[129.809,33.209],[129.8081,33.207],[129.8109,33.2032],[129.81,33.2019],[129.8167,33.1978],[129.8156,33.1884],[129.8176,33.1867],[129.8171,33.1845],[129.8377,33.1733],[129.8432,33.1769],[129.8527,33.1769],[129.858,33.1708],[129.8694,33.1691],[129.8727,33.1652],[129.8771,33.1648],[129.879,33.162],[129.8855,33.1619],[129.8878,33.1562],[129.8954,33.1598],[129.8984,33.1579],[129.9053,33.1579],[129.9118,33.1623],[129.9142,33.1626],[129.9177,33.16],[129.9267,33.1637]],[[129.9276,33.164],[129.9346,33.1633],[129.9386,33.1654],[129.9434,33.1644],[129.9415,33.1576],[129.9449,33.1461],[129.9476,33.143],[129.949,33.1337],[129.9512,33.132],[129.9534,33.1324],[129.9563,33.1286],[129.9567,33.118],[129.9514,33.11],[129.9384,33.1127],[129.9328,33.1111],[129.9294,33.1074],[129.9265,33.1076],[129.9252,33.1057],[129.9268,33.102],[129.9263,33.0981],[129.9224,33.0905],[129.9334,33.088],[129.9351,33.0811],[129.9397,33.0778],[129.9395,33.0729],[129.946,33.0718],[129.9473,33.0696],[129.9547,33.066],[129.9643,33.0643],[129.9719,33.0602],[129.9735,33.0609],[129.978,33.0574],[129.9825,33.0573],[129.9876,33.0513],[129.9903,33.0508],[129.9925,33.0476],[129.9942,33.048],[129.9964,33.0445],[129.9937,33.0414],[129.9936,33.0388],[129.9997,33.0318],[129.9992,33.029],[130.0008,33.0259],[130.0058,33.025],[130.0083,33.0197],[130.0156,33.0174],[130.0243,33.0212],[130.028,33.02],[130.0293,33.0159],[130.028,33.0124],[130.0382,33.0086],[130.0421,33.0041],[130.0445,33.0041],[130.0471,33.0015],[130.0468,32.9984],[130.0492,32.998],[130.0517,32.9946],[130.0514,32.9925],[130.0612,32.9859],[130.0761,32.9876],[130.0776,32.9845],[130.0858,32.9792],[130.0867,32.9749]],[[130.2036,32.9571],[130.1985,32.9596],[130.1874,32.9589],[130.1736,32.9621],[130.1645,32.9609],[130.1551,32.9634],[130.15,32.9626],[130.1472,32.969],[130.1441,32.9717],[130.1385,32.9683],[130.1309,32.9683],[130.1145,32.9724],[130.1089,32.9718],[130.103,32.9747],[130.0868,32.9749]],[[130.7206,32.1008],[130.7213,32.0988],[130.7179,32.0947],[130.7179,32.0891],[130.716,32.0857],[130.7125,32.0818],[130.7057,32.0799],[130.7035,32.077],[130.7034,32.0583]],[[131.3295,32.833],[131.3401,32.8335],[131.3436,32.8313],[131.3498,32.8244],[131.3506,32.8167],[131.3483,32.8136],[131.3486,32.8107],[131.3573,32.8045],[131.3652,32.8034],[131.3746,32.8084],[131.3839,32.809],[131.3894,32.812],[131.3948,32.8111],[131.4015,32.8135],[131.4212,32.8119],[131.4243,32.8136],[131.4255,32.8164],[131.4313,32.8184],[131.437,32.8286],[131.4429,32.83],[131.4542,32.829],[131.4645,32.831],[131.4754,32.8372],[131.486,32.8216],[131.4929,32.816],[131.5025,32.8147],[131.502,32.8105],[131.5175,32.8008],[131.509,32.7852],[131.5082,32.7812],[131.5102,32.7777],[131.5084,32.7743],[131.5119,32.7698],[131.523,32.7645]],[[131.8857,32.7459],[131.8847,32.7471],[131.8735,32.7404],[131.8622,32.7404],[131.858,32.7377],[131.847,32.7359],[131.8466,32.7423],[131.8441,32.7477],[131.8498,32.756],[131.8484,32.7605],[131.8494,32.7631],[131.8463,32.7671],[131.8462,32.7735],[131.8442,32.7767],[131.8486,32.7833],[131.8504,32.7887],[131.8494,32.7907],[131.8544,32.7958],[131.8539,32.799],[131.8601,32.8061],[131.8582,32.8219],[131.8551,32.8232],[131.8481,32.8178],[131.8381,32.8204],[131.8345,32.8197],[131.8311,32.8241],[131.826,32.8263],[131.8245,32.8299],[131.8202,32.8278],[131.8151,32.8283],[131.8137,32.826],[131.8093,32.8249],[131.8067,32.8222],[131.7982,32.8249],[131.7939,32.8219],[131.7878,32.8279],[131.7869,32.8339],[131.7721,32.8359],[131.7668,32.839],[131.7647,32.8367],[131.7597,32.8376],[131.7571,32.8355],[131.7541,32.8364],[131.747,32.833],[131.7416,32.8344],[131.7357,32.8311],[131.7361,32.8216],[131.7343,32.8175],[131.7311,32.8159],[131.7295,32.7997],[131.7159,32.7881],[131.7153,32.7797],[131.7108,32.7722],[131.7066,32.7716],[131.6956,32.7748],[131.691,32.7718],[131.6758,32.7683],[131.6695,32.7684],[131.6689,32.7666],[131.6521,32.7713],[131.6407,32.7703],[131.6302,32.7717],[131.6251,32.7746],[131.6185,32.7731],[131.6064,32.774],[131.6008,32.7722],[131.5974,32.7751],[131.5925,32.7753],[131.5896,32.7737],[131.5815,32.7636]],[[131.581,32.7631],[131.5689,32.7542],[131.5555,32.7554]],[[131.5546,32.7557],[131.5472,32.7582],[131.5448,32.7573],[131.5366,32.7587],[131.5326,32.7629],[131.5238,32.764]],[[131.0267,31.6674],[131.0256,31.6669],[131.0309,31.6629],[131.0371,31.6617],[131.0454,31.6536],[131.0483,31.6475],[131.0475,31.6421],[131.0492,31.6401],[131.0527,31.6397],[131.0522,31.6365],[131.0546,31.6333],[131.0574,31.6342],[131.0588,31.6395],[131.0691,31.65],[131.0717,31.6574],[131.0793,31.6602],[131.0832,31.6561],[131.0896,31.6535],[131.0943,31.6473],[131.1006,31.645],[131.108,31.6376],[131.1133,31.6352],[131.1131,31.633],[131.1178,31.6293],[131.1227,31.6305],[131.1283,31.6265],[131.1388,31.6277],[131.1426,31.6304],[131.1504,31.63],[131.1511,31.6333],[131.1559,31.6342],[131.1564,31.6362],[131.1587,31.6371],[131.1631,31.6365],[131.1644,31.6395],[131.1685,31.6373],[131.1699,31.6335],[131.1786,31.63],[131.179,31.6269],[131.1884,31.6246],[131.1901,31.6177],[131.1873,31.6154],[131.1852,31.6105],[131.1864,31.6052],[131.1976,31.5951],[131.2054,31.5799],[131.2029,31.5712],[131.2,31.5692],[131.2018,31.5671],[131.1997,31.5641],[131.1956,31.5628],[131.194,31.56],[131.1889,31.5575],[131.1969,31.5495],[131.1959,31.5465],[131.1989,31.5415],[131.1972,31.5387],[131.2015,31.5313],[131.2002,31.5295],[131.2008,31.5177],[131.1971,31.5117],[131.179,31.5062],[131.17,31.4999],[131.169,31.4967],[131.1711,31.4943],[131.1632,31.4842],[131.1648,31.4766],[131.1622,31.4669],[131.1631,31.4654],[131.1603,31.4619]],[[131.0271,31.6677],[131.0261,31.671],[131.029,31.6743],[131.0263,31.6734],[131.0235,31.675],[131.0268,31.6809],[131.0238,31.6852],[131.0256,31.6883],[131.0237,31.6921],[131.0255,31.6915],[131.0292,31.6969],[131.0196,31.704],[131.0179,31.7062],[131.0181,31.7102],[131.0143,31.71],[131.0131,31.713],[131.016,31.7168],[131.0178,31.7255],[131.0158,31.7394],[131.0179,31.745],[131.0167,31.7475],[131.0146,31.7489],[131.0099,31.7469],[131.0064,31.7493],[130.9979,31.7459],[130.9907,31.7512],[130.9868,31.7497],[130.984,31.7516],[130.9785,31.7516],[130.9777,31.7584],[130.9792,31.7617],[130.9836,31.764],[130.9824,31.7646],[130.9828,31.7674],[130.9883,31.7654],[130.9917,31.7711],[130.9903,31.7775],[130.987,31.7801],[130.9803,31.7785],[130.9768,31.7824],[130.9714,31.7846],[130.966,31.7812],[130.9309,31.7857],[130.9253,31.7912],[130.9258,31.7944],[130.9234,31.7968],[130.9239,31.7984],[130.9183,31.7993]],[[130.918,31.8],[130.9179,31.8036],[130.9151,31.8049],[130.9094,31.8007],[130.9018,31.8009],[130.8905,31.8065],[130.8836,31.8059],[130.8817,31.8131],[130.8768,31.8158],[130.8777,31.8283],[130.8816,31.8294],[130.882,31.8317],[130.8788,31.8368],[130.8791,31.8394],[130.8761,31.8419]],[[130.8756,31.8424],[130.8759,31.8441],[130.8844,31.8455],[130.8884,31.8486],[130.8893,31.8515],[130.8878,31.8531],[130.8878,31.8615],[130.8925,31.8693],[130.8947,31.8782],[130.9029,31.8848],[130.9068,31.8853],[130.9111,31.8833],[130.9138,31.8849],[130.9136,31.8864],[130.9099,31.8878],[130.9005,31.8858],[130.897,31.8878],[130.8954,31.8937],[130.8915,31.8985],[130.8929,31.8999],[130.8863,31.9092],[130.8868,31.9126],[130.8828,31.9151],[130.8824,31.9211],[130.8781,31.9222],[130.8729,31.9279],[130.8697,31.9279],[130.8659,31.9338],[130.8596,31.9346],[130.8572,31.9382],[130.8447,31.9398],[130.8414,31.9428],[130.8164,31.9412],[130.8053,31.9498],[130.7999,31.9497],[130.7996,31.9568],[130.8013,31.9602],[130.7964,31.9652],[130.7946,31.9732],[130.784,31.9792],[130.7821,31.9827],[130.7812,31.9922],[130.7785,31.999],[130.7775,32.0161],[130.7622,32.0242],[130.7621,32.0274],[130.759,32.0294],[130.76,32.0311],[130.7586,32.0333],[130.757,32.0323],[130.7469,32.0357],[130.7463,32.0419],[130.7426,32.042],[130.7374,32.0476],[130.7039,32.0577]],[[139.2631,36.2439],[139.2622,36.2454],[139.2631,36.2439]],[[139.5183,35.6296],[139.5171,35.6294],[139.5183,35.6296]]]}}]}